ID	DRB1.1	DQB1.1	DRB1.2	DQB1.2	DQA1.1	DQA1.2	ethnic.grp	A.1	B.1	C.1	A.2	B.2	C.2	max.pair.freq
69	04:01	03:02	07:01	02:02	03:01	02:01	Caucasian	02:01	35:01	04:01	26:01	50:01	06:02	0
6004	04:01	03:01	15:02	06:01	03:01	01:03	Caucasian	24:02	44:02	05:01	23:01	52:01	12:02	4.11243086455706e-08
6005	12:01	03:01	01:01	05:01	05:01	01:01	Caucasian	24:02	55:01	03:03	02:01	37:01	06:02	1.07682211758755e-08
6007	11:02	03:01	11:01	06:02	05:01	01:02	African Am	30:02	35:01	04:01	30:02	35:01	04:01	1.09826336646331e-07
6008	04:02	03:02	13:02	06:09	03:01	01:02	Caucasian	26:01	38:01	12:03	02:05	58:01	07:01	1.83398041105353e-06
6009	07:01	03:03	15:01	06:02	02:01	01:02	Caucasian	11:01	57:01	06:02	29:02	50:01	06:02	4.14183417923785e-09
6010	07:01	03:03	15:01	06:02	02:01	01:02	Caucasian	02:01	57:01	06:02	02:01	07:02	07:02	9.8884762979912e-05
6011	08:04	03:01	13:03	03:01	04:01	05:01	African Am	68:01	58:02	06:02	30:01	42:02	17:01	5.78397029935591e-08
6012	04:04	03:02	15:01	06:02	03:01	01:02	NA	NA	NA	NA	NA	NA	NA	NA
6013	01:02	05:01	13:01	06:03	01:01	01:03	Caucasian	01:01	44:03	02:02	01:01	07:02	07:02	1.35327088649522e-09
6014	04:01	03:01	13:01	06:03	03:01	01:03	Caucasian	24:02	40:01	03:03	68:01	15:05	03:03	0
6015	04:01	03:02	01:01	05:01	03:01	01:01	Caucasian	02:01	14:02	08:02	02:01	51:01	14:02	9.43740653731847e-09
6016	15:01	06:02	13:02	06:04	01:02	01:02	Caucasian	03:01	07:02	07:02	02:01	40:01	03:04	0.000234607386297893
6017	11:01	03:01	01:03	05:01	05:01	01:01	Caucasian	02:01	40:01	03:04	11:01	35:01	04:01	1.06385954927098e-06
6019	03:01	02:01	01:01	05:01	05:01	01:01	NA	NA	NA	NA	NA	NA	NA	NA
6020	07:01	02:01	13:01	06:03	02:01	01:03	Caucasian	23:01	44:03	04:01	03:01	07:02	07:02	1.25475780447783e-05
6021	03:01	02:01	13:01	05:01	05:01	01:03	Hispanic/Latino	23:01	07:02	07:02	34:02	52:01	16:01	0
6022	04:01	03:01	04:04	03:02	03:01	03:01	Caucasian	02:01	44:02	05:01	03:01	40:01	03:04	1.17461167042092e-05
6024	03:01	02:01	13:02	06:04	05:01	01:02	Caucasian	01:01	08:01	07:01	31:01	07:02	07:02	5.12612786418994e-06
6025	07:01	02:01	07:01	02:01	02:01	02:01	Caucasian	03:05	13:02	06:02	29:02	44:03	16:01	1.07069101654752e-07
6026	03:01	02:01	13:02	06:04	05:01	01:02	Caucasian	01:01	08:01	07:01	24:02	18:01	12:03	1.57186067476667e-06
6027	03:01	02:01	15:01	06:02	05:01	01:02	Caucasian	01:01	08:01	07:01	02:01	40:01	03:04	0.000107251497818816
6028	14:01	05:03	13:01	06:03	01:01	01:03	African Am	02:01	44:02	05:01	02:01	45:01	16:01	2.63689152041345e-07
6029	04:03	03:02	08:02	04:02	03:01	04:01	Hispanic/Latino	03:01	35:01	04:01	31:02	15:15	01:02	0
6030	07:01	02:01	15:01	06:02	02:01	01:02	Caucasian	31:01	44:03	16:01	02:01	07:02	07:02	2.77976996533841e-06
6031	07:01	02:01	01:01	05:01	02:01	01:01	Caucasian	30:01	13:02	06:02	03:01	07:02	07:02	2.25140950399176e-05
6032	03:01	02:01	04:01	03:02	05:01	03:01	Caucasian	02:01	44:05	02:02	02:01	40:01	03:04	3.68940971057358e-08
6033	07:01	02:01	12:01	03:01	02:01	05:01	Caucasian	30:01	13:02	06:02	02:01	51:01	14:02	4.04696425436643e-07
6034	08:01	04:02	01:01	05:01	04:01	01:01	Caucasian	03:01	15:01	01:02	03:01	07:02	07:02	3.00556486041002e-08
6035	03:01	02:01	04:01	03:02	05:01	03:01	Caucasian	02:01	08:01	07:01	02:01	15:01	03:04	6.31420477759664e-05
6036	07:01	02:01	07:01	02:01	03:01	03:01	African Am	68:02	14:01	08:02	68:02	14:01	08:02	2.16160259799812e-07
6037	03:01	02:01	04:01	03:02	05:01	03:01	Caucasian	01:01	08:01	07:01	02:01	07:02	07:02	6.77687647523415e-05
6038	03:01	02:01	01:01	05:01	05:01	01:01	Caucasian	02:01	44:05	02:02	03:01	35:01	04:01	2.98863611678881e-07
6039	03:01	02:01	04:01	03:02	05:01	03:01	Caucasian	01:01	08:01	07:01	02:01	27:05	01:02	4.41220913381255e-06
6040	03:01	02:01	01:02	05:01	05:01	01:01	Caucasian	30:02	18:01	05:01	11:01	15:01	03:03	8.79805740866477e-09
6041	04:01	03:02	01:01	05:01	03:01	01:01	Caucasian	02:01	40:01	03:04	02:01	35:01	04:01	3.80832191735374e-06
6044	01:02	05:01	15:01	06:02	01:01	01:02	Hispanic/Latino	33:01	14:02	08:02	01:01	37:01	06:02	2.59131100651227e-06
6045	03:01	02:01	13:02	06:09	05:01	01:02	Caucasian	01:01	08:01	07:01	03:01	14:02	08:02	9.19942169711434e-05
6046	04:01	03:02	01:01	05:01	03:01	01:01	Caucasian	03:01	15:01	03:04	02:01	39:01	07:02	8.5413539501907e-07
6047	14:01	05:03	15:01	06:02	01:01	01:02	Caucasian	02:01	51:01	01:02	03:01	07:02	07:02	3.62106260064377e-06
6048	04:01	03:01	15:01	06:02	03:01	01:02	Caucasian	03:01	47:01	06:02	31:01	07:02	07:02	1.97156098966671e-08
6049	09:01	02:01	04:04	03:02	03:01	03:01	African Am	33:03	35:01	04:01	32:01	40:01	03:04	1.89216970539039e-08
6051	03:01	02:01	16:01	05:02	05:01	01:02	Caucasian	01:01	08:01	07:01	68:02	27:02	02:02	1.05422582755324e-07
6052	09:01	03:03	16:02	05:02	03:01	01:02	African Am	68:01	27:05	15:02	02:01	50:01	06:02	0
6053	08:03	03:01	15:01	06:02	06:01	01:02	Caucasian	02:01	07:02	07:02	02:01	07:02	07:02	1.04498161810348e-06
6054	03:01	02:01	04:01	03:02	05:01	03:01	Caucasian	01:01	08:01	07:01	02:01	44:02	05:01	0.000249311908215197
6055	01:03	03:01	01:03	03:01	05:01	05:01	Caucasian	03:01	07:02	07:02	26:01	38:01	12:03	4.92220104107669e-10
6057	04:04	03:02	01:01	05:01	03:01	01:01	Caucasian	31:01	40:01	03:04	02:01	44:02	05:01	1.36854993537063e-05
6058	16:02	03:01	08:02	04:02	05:01	04:01	Hispanic/Latino	02:01	39:02	07:02	02:06	39:01	07:02	1.11500798229359e-07
6059	07:01	02:01	08:02	04:02	02:01	04:01	Hispanic/Latino	11:01	50:01	06:02	02:01	35:01	04:01	6.5049110554163e-07
6060	11:01	03:01	01:01	05:02	05:01	01:01	Caucasian	24:02	51:01	15:02	03:01	39:01	07:02	4.9384795654147e-10
6061	03:01	02:01	04:01	03:02	05:01	03:01	Caucasian	68:02	14:02	08:01	02:01	15:01	03:04	0
6062	07:01	02:01	01:02	05:01	03:01	01:01	African Am	24:02	14:01	02:10	02:01	45:01	16:01	0
6063	03:01	02:01	04:01	03:02	05:01	03:01	Caucasian	24:02	08:01	07:01	02:01	15:01	03:04	1.71318623024965e-05
6064	04:01	03:02	01:01	05:01	03:01	01:01	Caucasian	02:01	15:01	03:04	29:02	44:03	16:01	3.28723204030106e-06
6067	03:01	02:01	04:07	03:02	05:01	03:01	Hispanic/Latino	30:02	18:01	05:01	24:02	39:01	07:02	2.42161667224586e-07
6068	03:01	02:01	04:02	03:02	05:01	03:01	Caucasian	68:01	08:01	07:01	23:01	44:03	04:01	8.47160692839768e-08
6069	03:01	02:01	12:02	03:01	05:01	06:01	African Am	02:01	58:01	07:01	02:01	51:02	14:02	7.53374033687678e-09
6070	10:01	05:01	16:01	05:02	01:01	01:02	Caucasian	02:01	38:01	12:03	02:05	58:01	07:01	3.54638694613296e-09
6072	14:01	05:03	13:01	06:03	01:01	01:03	Caucasian	02:01	18:01	07:01	68:01	51:01	15:02	1.92946601148884e-07
6075	07:01	02:01	11:01	03:01	02:01	05:01	African Am	23:01	58:01	07:01	33:03	15:03	02:02	1.75655676903623e-07
6076	03:01	02:01	04:04	03:02	05:01	03:01	Caucasian	30:02	18:01	05:01	03:01	40:01	03:04	2.86735502822078e-06
6077	03:01	02:01	04:01	03:02	05:01	03:01	Caucasian	01:01	08:01	07:01	02:01	15:01	03:04	0.000501253361879199
6078	03:01	02:01	08:01	04:02	05:01	04:01	Caucasian	02:01	08:01	07:01	02:01	40:01	03:04	1.6322415703469e-05
6079	03:01	02:01	01:03	05:01	05:01	01:01	Caucasian	02:01	44:02	05:01	24:02	35:01	04:01	6.42607672284533e-07
6080	04:01	03:01	01:01	05:01	03:01	01:01	Caucasian	02:01	44:02	05:01	11:01	35:01	04:01	7.40782895800275e-05
6081	04:07	03:01	08:02	04:02	03:01	04:01	Hispanic/Latino	01:01	07:02	07:02	24:02	39:01	07:02	0
6082	11:04	03:01	04:01	03:02	05:01	03:01	Caucasian	23:01	49:01	07:01	25:01	15:01	03:04	7.80495707004523e-08
6083	03:01	02:01	04:01	03:02	05:01	03:01	Caucasian	01:01	08:01	07:01	66:01	41:02	17:01	7.28150791766041e-07
6084	03:01	02:01	04:01	03:02	05:01	03:01	Caucasian	01:01	08:01	07:01	32:01	40:01	03:04	6.99174880229756e-06
6087	03:01	02:01	04:04	03:02	05:01	03:01	Caucasian	26:01	08:01	07:01	32:01	40:01	03:04	2.82377170945698e-07
6088	03:01	02:01	01:01	05:01	05:01	01:01	Caucasian	33:01	14:02	08:02	02:01	51:01	05:01	1.78265695397639e-08
6089	04:01	03:02	01:01	05:01	03:01	01:01	Caucasian	02:01	15:01	03:04	01:01	40:01	03:04	1.26784230873141e-06
6090	04:04	03:02	15:01	06:02	03:01	01:02	Hispanic/Latino	24:02	40:05	03:04	02:05	07:02	07:02	2.81657291194396e-07
6091	08:01	04:02	15:01	06:02	04:01	01:02	Caucasian	01:01	39:06	07:02	25:01	18:01	12:03	1.12935996091027e-06
6092	04:01	03:02	11:01	06:02	03:01	01:02	African Am	80:01	44:03	04:01	36:01	53:01	04:01	3.41006039683536e-08
6094	13:03	02:01	13:02	05:01	02:01	01:02	African Am	74:01	53:01	04:01	33:01	35:01	04:01	2.41381689121868e-08
6095	11:01	03:01	14:02	03:01	05:01	05:01	Hispanic/Latino	03:01	07:02	07:02	02:01	48:01	08:01	1.8535676534558e-07
6096	03:02	04:02	15:03	06:02	04:01	01:02	African Am	02:01	42:01	17:01	30:02	14:02	08:02	4.00346270760312e-06
6097	01:01	05:01	14:01	05:03	01:01	01:01	Caucasian	02:01	44:02	05:01	11:01	55:01	03:03	4.68909494189067e-06
6098	03:01	02:01	08:01	04:02	05:01	04:01	Caucasian	01:01	08:01	07:01	32:01	27:05	01:02	6.189592927492e-06
6099	03:01	02:01	11:01	03:01	05:01	05:01	Caucasian	26:01	27:03	01:02	24:02	44:05	02:02	0
6101	15:01	06:02	13:02	06:04	01:02	01:02	Caucasian	02:01	51:01	01:02	32:01	44:02	05:01	1.33338897406382e-08
6102	03:01	02:01	04:01	03:01	05:01	03:01	Caucasian	31:01	08:01	07:01	03:01	44:02	05:01	4.55001932349558e-07
6103	11:01	03:01	13:01	06:03	05:01	01:03	Caucasian	80:01	40:02	04:01	02:01	44:02	05:01	5.25506098763416e-09
6104	07:01	02:01	13:01	05:01	02:01	01:01	Caucasian	29:02	44:03	16:01	68:01	39:06	12:03	0
6106	04:07	03:02	01:01	05:01	03:01	01:01	Caucasian	31:01	52:01	15:02	32:01	27:05	01:02	2.1355892729522e-10
6107	15:01	06:02	13:01	06:03	01:02	01:03	African Am	01:01	08:01	07:01	02:01	51:01	14:02	1.24080689739835e-07
6108	15:02	05:02	15:02	05:02	01:02	01:02	Asian	24:07	38:01	07:02	11:01	38:02	07:02	0
6109	14:02	03:01	16:02	03:01	05:01	05:01	Hispanic/Latino	02:11	39:01	07:02	68:36	35:02	04:01	0
6110	03:02	04:02	15:03	06:02	04:01	01:02	African Am	23:01	14:02	08:02	34:02	53:01	04:01	2.65197592531624e-07
6111	13:03	03:01	14:01	05:03	05:01	01:01	Hispanic/Latino	32:01	42:02	17:01	26:01	55:01	03:03	4.12859890378999e-08
6112	04:07	03:01	13:02	05:01	03:01	01:02	Hispanic/Latino	31:01	51:01	15:02	26:01	58:01	07:01	7.34578056367663e-10
6113	03:01	02:01	01:01	05:01	05:01	01:01	Caucasian	02:01	08:01	07:01	03:01	44:02	07:04	8.67932915811435e-07
6114	07:01	03:03	15:01	06:02	02:01	01:02	Caucasian	31:01	15:01	03:03	03:01	07:02	07:02	2.2426134735489e-07
6115	04:01	03:01	07:01	03:03	03:01	02:01	Caucasian	68:01	35:01	04:01	01:01	57:01	06:02	1.15532319623024e-07
6116	08:01	04:02	15:02	06:01	04:01	01:03	Hispanic/Latino	29:02	44:03	16:01	01:01	52:01	12:02	6.34418575563769e-07
6117	07:01	02:01	07:01	03:03	02:01	02:01	Caucasian	11:01	18:01	07:01	01:01	57:01	06:02	1.22909196156075e-06
6119	03:01	02:01	04:04	03:02	05:01	03:01	Caucasian	01:01	08:01	07:01	03:01	07:02	07:02	7.04679484394211e-05
6121	07:01	02:01	01:01	05:01	02:01	01:01	Caucasian	02:01	13:02	06:02	03:01	35:01	04:01	6.90749175049416e-05
6122	04:07	03:01	14:01	05:03	03:01	01:01	NA	NA	NA	NA	NA	NA	NA	NA
6123	11:01	03:01	08:01	04:02	05:01	04:01	Caucasian	24:02	51:01	01:02	02:01	35:01	03:03	9.13217145997811e-08
6124	04:01	03:01	15:01	06:02	03:01	01:02	Caucasian	29:02	45:01	06:02	29:02	27:05	02:02	1.00102246157057e-08
6125	04:04	03:02	15:01	06:03	03:01	01:02	Caucasian	24:02	40:01	03:04	24:02	07:02	07:02	4.96963641897344e-08
6126	03:01	02:01	07:01	02:01	02:01	05:01	Hispanic/Latino	33:01	14:02	08:02	29:02	44:03	16:01	3.58112869914596e-05
6127	03:01	02:01	04:04	03:02	05:01	03:01	Caucasian	01:01	08:01	07:01	02:01	56:01	01:02	3.59288917944562e-06
6128	03:01	02:01	16:01	05:02	05:01	01:02	Caucasian	02:01	08:01	07:01	01:01	37:01	06:02	1.14151501954385e-06
6129	03:01	02:01	15:01	06:02	05:01	01:02	Caucasian	23:01	14:02	08:02	03:01	07:02	07:02	2.44902103668628e-06
6130	03:01	02:01	15:01	06:02	05:01	01:02	NA	NA	NA	NA	NA	NA	NA	NA
6131	03:01	02:01	03:01	02:01	05:01	05:01	Caucasian	11:01	18:01	05:01	01:01	08:01	07:01	3.23644452366623e-05
6132	11:01	03:01	13:02	06:04	05:01	01:02	Hispanic/Latino	32:01	40:02	02:02	03:01	18:01	12:03	2.45580937248769e-08
6134	07:01	02:01	10:01	05:01	02:01	01:01	Caucasian	29:02	44:03	16:01	03:01	37:01	06:02	4.20858300726435e-06
6135	01:01	05:01	13:02	06:04	01:01	01:02	Caucasian	02:01	27:05	02:02	68:01	51:01	14:02	4.70157446239711e-08
6137	03:01	02:01	07:01	02:01	02:01	05:01	Hispanic/Latino	33:01	14:02	08:02	24:02	44:02	02:02	3.67217714026311e-07
6139	04:04	03:02	15:03	06:02	03:01	01:02	Hispanic/Latino	02:01	40:01	03:04	30:02	57:03	07:01	1.21337034122709e-08
6140	03:01	02:01	01:01	05:01	05:01	01:01	Caucasian	01:01	35:01	04:01	03:01	35:01	04:01	6.07086962546668e-07
6141	03:01	02:01	04:01	03:02	05:01	03:01	Caucasian	01:01	08:01	03:03	01:01	15:01	01:02	1.08056885643188e-11
6142	14:06	03:01	01:02	05:01	05:01	01:01	Hispanic/Latino	24:02	39:06	07:02	80:01	58:01	07:01	1.29371362890179e-06
6143	03:01	02:01	04:01	03:01	05:01	03:01	Caucasian	01:01	50:01	06:02	29:02	44:03	16:01	1.71668049085512e-08
6144	07:01	02:02	08:02	04:02	02:01	04:01	Hispanic/Latino	02:01	40:05	03:02	02:01	44:03	16:01	0
6145	03:01	02:01	04:01	03:02	05:01	03:01	Caucasian	02:01	08:01	07:01	02:01	15:01	03:04	6.31420477759664e-05
6147	04:01	03:01	08:02	04:02	03:01	04:01	Caucasian	02:22	44:02	05:01	02:01	39:09	07:02	4.98822866255286e-13
6148	03:01	02:01	04:01	03:02	05:01	03:01	Caucasian	31:01	08:01	07:01	68:01	44:02	07:04	9.51280151637442e-08
6149	09:01	02:02	15:03	06:02	03:01	01:02	African Am	66:02	07:02	15:05	30:02	53:01	04:01	0
6150	03:01	02:01	01:01	05:01	05:01	01:01	Caucasian	01:01	08:01	07:01	02:01	07:02	07:02	0.000106753988743594
6151	07:01	02:02	01:01	05:01	02:01	01:01	NA	NA	NA	NA	NA	NA	NA	NA
6152	11:03	03:01	04:01	03:02	05:05	03:01	Caucasian	30:02	37:01	06:02	02:01	07:02	07:02	4.87268394641532e-09
6153	04:04	03:02	13:02	06:09	03:01	01:02	Hispanic/Latino	24:02	35:05	04:01	26:01	58:01	03:02	5.01428521156572e-09
6154	09:01	03:03	15:01	06:03	03:01	01:02	Caucasian	02:01	07:02	07:02	03:01	07:02	07:02	1.44351555001146e-07
6155	11:01	03:01	04:01	03:02	05:05	03:02	Caucasian	24:02	27:05	02:02	68:02	14:02	08:02	3.40936529597186e-08
6156	01:01	05:01	01:02	05:01	01:01	01:01	Caucasian	32:01	40:02	15:02	03:01	53:01	04:01	3.37146074319572e-10
6157	07:01	02:02	13:02	05:01	02:01	01:02	African Am	02:05	50:04	08:02	01:01	53:01	06:02	0
6158	04:01	03:01	13:02	06:04	03:01	01:02	Caucasian	03:01	15:01	03:04	24:02	49:01	07:01	2.84007044339965e-08
6159	03:01	02:01	04:01	03:02	05:01	03:01	NA	NA	NA	NA	NA	NA	NA	NA
6161	07:01	02:02	04:01	03:02	02:01	03:01	NA	NA	NA	NA	NA	NA	NA	NA
6162	13:03	03:01	16:02	05:02	05:01	01:02	NA	NA	NA	NA	NA	NA	NA	NA
6163	03:01	02:01	04:01	03:02	05:01	03:01	NA	NA	NA	NA	NA	NA	NA	NA
6164	03:01	02:01	03:01	02:01	05:01	05:01	NA	NA	NA	NA	NA	NA	NA	NA
6165	15:01	06:02	13:01	06:03	01:02	01:03	NA	NA	NA	NA	NA	NA	NA	NA
6167	04:04	03:02	15:02	06:01	03:01	01:03	NA	NA	NA	NA	NA	NA	NA	NA
6168	04:04	03:02	01:03	05:01	03:01	01:01	NA	NA	NA	NA	NA	NA	NA	NA
6169	03:01	02:01	07:01	03:03	05:01	02:01	NA	NA	NA	NA	NA	NA	NA	NA
6170	13:03	02:02	04:01	03:01	02:01	03:01	NA	NA	NA	NA	NA	NA	NA	NA
6171	03:01	02:01	03:01	02:01	05:01	05:01	NA	NA	NA	NA	NA	NA	NA	NA
6172	13:03	03:01	01:01	05:01	05:01	01:01	NA	NA	NA	NA	NA	NA	NA	NA
6173	11:01	03:01	01:02	05:01	05:01	01:01	NA	NA	NA	NA	NA	NA	NA	NA
6174	07:01	02:01	03:01	02:01	02:01	05:01	NA	NA	NA	NA	NA	NA	NA	NA
6175	03:01	02:01	03:01	02:01	05:01	05:01	NA	NA	NA	NA	NA	NA	NA	NA
6176	03:01	02:01	08:02	04:02	05:01	04:01	NA	NA	NA	NA	NA	NA	NA	NA
6178	04:01	03:01	15:01	06:02	03:01	01:02	NA	NA	NA	NA	NA	NA	NA	NA
6179	03:01	02:01	04:04	03:02	05:01	03:01	NA	NA	NA	NA	NA	NA	NA	NA
6180	03:01	02:01	01:01	05:01	05:01	01:01	NA	NA	NA	NA	NA	NA	NA	NA
6181	04:01	03:02	01:01	05:01	03:01	01:01	NA	NA	NA	NA	NA	NA	NA	NA
6182	04:01	03:01	16:02	05:02	03:01	01:02	NA	NA	NA	NA	NA	NA	NA	NA
6183	03:02	04:02	01:02	05:01	04:01	01:01	NA	NA	NA	NA	NA	NA	NA	NA
6184	04:07	03:02	04:07	03:02	03:01	03:01	NA	NA	NA	NA	NA	NA	NA	NA
6185	03:02	04:02	11:01	06:02	04:01	01:02	NA	NA	NA	NA	NA	NA	NA	NA
6186	07:01	02:02	15:01	06:02	02:01	01:02	NA	NA	NA	NA	NA	NA	NA	NA
6187	15:01	06:02	15:01	06:02	01:02	01:02	NA	NA	NA	NA	NA	NA	NA	NA
6188	12:01	03:01	14:01	06:04	05:01	01:02	NA	NA	NA	NA	NA	NA	NA	NA
6189	01:03	05:01	01:03	05:01	01:01	01:01	NA	NA	NA	NA	NA	NA	NA	NA
6191	07:01	02:02	04:01	03:02	02:01	03:01	NA	NA	NA	NA	NA	NA	NA	NA
6193	04:01	03:02	01:01	05:01	03:01	01:01	NA	NA	NA	NA	NA	NA	NA	NA
6195	04:01	03:02	15:01	06:02	03:01	01:02	NA	NA	NA	NA	NA	NA	NA	NA
6196	13:03	02:01	12:01	05:01	05:01	01:01	NA	NA	NA	NA	NA	NA	NA	NA
6197	07:01	02:02	03:02	04:02	02:01	04:01	NA	NA	NA	NA	NA	NA	NA	NA
6198	04:01	03:02	11:02	03:19	03:01	05:01	NA	NA	NA	NA	NA	NA	NA	NA
6199	01:02	05:01	12:01	05:01	01:01	01:01	NA	NA	NA	NA	NA	NA	NA	NA
6203	11:04	03:01	01:02	05:01	05:01	01:01	NA	NA	NA	NA	NA	NA	NA	NA
6204	07:01	02:02	08:01	04:02	02:01	04:01	NA	NA	NA	NA	NA	NA	NA	NA
6205	04:01	03:01	16:01	05:02	03:01	01:02	NA	NA	NA	NA	NA	NA	NA	NA
6206	04:02	03:02	13:01	06:03	03:01	01:03	NA	NA	NA	NA	NA	NA	NA	NA
6207	09:01	02:02	13:02	06:04	03:01	01:02	NA	NA	NA	NA	NA	NA	NA	NA
6208	03:01	02:01	04:01	03:02	05:01	03:01	NA	NA	NA	NA	NA	NA	NA	NA
6209	04:01	03:02	03:01	02:01	03:01	05:01	NA	NA	NA	NA	NA	NA	NA	NA
6211	12:01	03:01	04:05	03:02	05:01	03:01	NA	NA	NA	NA	NA	NA	NA	NA
6212	07:01	02:02	07:01	02:02	02:01	02:01	NA	NA	NA	NA	NA	NA	NA	NA
6213	03:01	02:01	04:01	03:02	05:01	03:01	NA	NA	NA	NA	NA	NA	NA	NA
6215	04:01	03:02	01:03	05:01	03:01	01:01	NA	NA	NA	NA	NA	NA	NA	NA
6217	04:07	03:01	08:01	04:02	03:01	04:01	NA	NA	NA	NA	NA	NA	NA	NA
6218	07:01	02:02	03:02	04:02	02:01	04:01	NA	NA	NA	NA	NA	NA	NA	NA
6219	08:01	04:02	13:02	06:04	04:01	01:02	NA	NA	NA	NA	NA	NA	NA	NA
6220	03:01	02:01	07:01	03:03	05:01	02:01	NA	NA	NA	NA	NA	NA	NA	NA
6221	07:01	02:02	04:01	03:02	02:01	03:01	NA	NA	NA	NA	NA	NA	NA	NA
6223	03:01	02:01	04:01	03:02	05:01	03:01	NA	NA	NA	NA	NA	NA	NA	NA
6224	04:04	03:02	01:01	05:01	03:01	01:01	NA	NA	NA	NA	NA	NA	NA	NA
6227	04:01	03:02	13:02	06:04	03:01	01:02	NA	NA	NA	NA	NA	NA	NA	NA
6228	03:01	02:01	04:02	03:02	05:01	03:01	NA	NA	NA	NA	NA	NA	NA	NA
6229	01:01	05:04	13:02	06:04	01:02	01:02	NA	NA	NA	NA	NA	NA	NA	NA
6230	11:01	03:01	04:01	03:02	05:01	03:01	NA	NA	NA	NA	NA	NA	NA	NA
6232	15:01	06:02	15:01	06:02	01:02	01:02	NA	NA	NA	NA	NA	NA	NA	NA
6233	01:01	05:01	13:01	06:03	01:01	01:03	NA	NA	NA	NA	NA	NA	NA	NA
6234	11:01	03:01	15:01	06:02	05:01	01:02	NA	NA	NA	NA	NA	NA	NA	NA
6235	03:01	02:01	04:07	03:02	05:01	03:01	NA	NA	NA	NA	NA	NA	NA	NA
6236	03:01	02:01	08:01	04:02	05:01	04:01	NA	NA	NA	NA	NA	NA	NA	NA
6237	13:03	03:01	04:01	03:02	05:01	03:01	NA	NA	NA	NA	NA	NA	NA	NA
6238	11:01	03:01	03:02	04:02	05:01	04:01	NA	NA	NA	NA	NA	NA	NA	NA
6240	07:01	02:02	15:01	06:02	02:01	01:02	NA	NA	NA	NA	NA	NA	NA	NA
6241	03:01	02:01	04:01	03:02	05:01	03:01	NA	NA	NA	NA	NA	NA	NA	NA
6242	04:01	03:02	01:01	05:01	03:01	01:01	NA	NA	NA	NA	NA	NA	NA	NA
6243	03:01	02:01	03:01	02:01	05:01	05:01	NA	NA	NA	NA	NA	NA	NA	NA
6245	03:01	02:01	04:05	03:02	05:01	03:01	NA	NA	NA	NA	NA	NA	NA	NA
6247	11:01	03:01	04:04	03:02	05:01	03:01	NA	NA	NA	NA	NA	NA	NA	NA
6249	04:05	04:02	04:05	04:02	03:01	03:01	NA	NA	NA	NA	NA	NA	NA	NA
6250	03:01	02:01	15:01	06:02	05:01	01:02	NA	NA	NA	NA	NA	NA	NA	NA
6251	04:01	03:01	11:01	03:01	03:01	05:01	NA	NA	NA	NA	NA	NA	NA	NA
6252	14:02	03:01	08:02	04:02	05:01	04:01	NA	NA	NA	NA	NA	NA	NA	NA
6253	11:01	03:19	03:02	04:02	05:01	04:01	NA	NA	NA	NA	NA	NA	NA	NA
6254	03:01	02:01	07:01	02:02	05:01	02:01	NA	NA	NA	NA	NA	NA	NA	NA
6255	11:01	03:01	12:01	03:01	05:01	05:01	NA	NA	NA	NA	NA	NA	NA	NA
6258	04:01	03:02	04:01	03:02	03:01	03:01	NA	NA	NA	NA	NA	NA	NA	NA
6259	04:01	03:02	15:01	06:02	03:01	01:02	NA	NA	NA	NA	NA	NA	NA	NA
6261	04:01	03:02	01:01	05:01	03:01	01:01	NA	NA	NA	NA	NA	NA	NA	NA
6262	04:01	03:02	04:05	03:02	03:01	03:01	NA	NA	NA	NA	NA	NA	NA	NA
6263	14:06	03:01	04:07	03:02	05:01	03:01	NA	NA	NA	NA	NA	NA	NA	NA
6264	03:01	02:01	04:04	03:02	05:01	03:01	NA	NA	NA	NA	NA	NA	NA	NA
6265	03:01	02:01	04:01	03:02	05:01	03:01	NA	NA	NA	NA	NA	NA	NA	NA
6266	03:01	02:01	04:04	03:02	05:01	03:01	NA	NA	NA	NA	NA	NA	NA	NA
6267	04:01	03:02	04:04	03:02	03:01	03:01	NA	NA	NA	NA	NA	NA	NA	NA
6268	03:01	02:01	13:02	06:04	05:01	01:02	NA	NA	NA	NA	NA	NA	NA	NA
6271	07:01	02:02	15:02	05:01	02:01	01:01	NA	NA	NA	NA	NA	NA	NA	NA
6272	04:05	03:02	13:02	06:04	03:01	01:02	NA	NA	NA	NA	NA	NA	NA	NA
6273	15:01	06:02	15:03	06:02	01:02	01:02	NA	NA	NA	NA	NA	NA	NA	NA
6274	03:01	02:01	11:01	03:01	05:01	05:01	NA	NA	NA	NA	NA	NA	NA	NA
6275	09:01	03:03	15:01	06:02	03:01	01:02	NA	NA	NA	NA	NA	NA	NA	NA
6278	11:04	03:01	12:01	05:02	05:01	03:01	NA	NA	NA	NA	NA	NA	NA	NA
6279	07:01	02:02	15:01	06:02	02:01	01:02	NA	NA	NA	NA	NA	NA	NA	NA
6281	03:01	02:01	07:01	02:02	05:01	02:01	NA	NA	NA	NA	NA	NA	NA	NA
6282	15:01	06:02	13:01	06:03	01:02	01:03	NA	NA	NA	NA	NA	NA	NA	NA
6284	15:03	02:02	15:03	06:02	03:01	01:02	NA	NA	NA	NA	NA	NA	NA	NA
6285	07:01	02:02	04:05	03:02	02:01	03:01	NA	NA	NA	NA	NA	NA	NA	NA
6287	09:01	03:03	01:01	05:01	03:01	01:01	NA	NA	NA	NA	NA	NA	NA	NA
6288	11:01	03:01	15:01	06:02	05:01	01:02	NA	NA	NA	NA	NA	NA	NA	NA
6289	07:01	02:02	04:11	03:02	02:01	03:01	NA	NA	NA	NA	NA	NA	NA	NA
6290	03:01	02:01	04:04	03:02	05:01	03:01	NA	NA	NA	NA	NA	NA	NA	NA
6293	11:04	03:01	01:02	05:01	05:01	01:01	NA	NA	NA	NA	NA	NA	NA	NA
6295	01:02	05:01	10:01	05:01	01:01	01:01	NA	NA	NA	NA	NA	NA	NA	NA
6306	03:01	02:01	04:01	03:02	05:01	03:01	NA	NA	NA	NA	NA	NA	NA	NA
6308	03:01	02:01	03:01	02:01	05:01	05:01	NA	NA	NA	NA	NA	NA	NA	NA
6310	07:01	02:02	11:02	03:19	02:01	05:01	NA	NA	NA	NA	NA	NA	NA	NA
6312	03:01	02:01	04:01	03:02	05:01	03:01	NA	NA	NA	NA	NA	NA	NA	NA
6314	04:01	03:01	01:03	05:01	03:01	01:01	NA	NA	NA	NA	NA	NA	NA	NA
6317	15:01	06:02	15:01	06:02	01:02	01:02	NA	NA	NA	NA	NA	NA	NA	NA
6318	11:01	03:01	04:04	03:02	05:01	03:01	NA	NA	NA	NA	NA	NA	NA	NA
6321	04:01	03:02	11:01	03:02	03:01	05:01	NA	NA	NA	NA	NA	NA	NA	NA
6323	03:01	02:01	04:02	03:02	05:01	03:01	NA	NA	NA	NA	NA	NA	NA	NA
6324	11:04	03:01	15:02	06:01	05:01	01:03	NA	NA	NA	NA	NA	NA	NA	NA
6325	04:01	03:01	15:03	06:02	03:01	01:02	NA	NA	NA	NA	NA	NA	NA	NA
6333	04:01	03:01	16:01	05:02	03:01	01:02	NA	NA	NA	NA	NA	NA	NA	NA
6335	15:01	06:02	15:03	06:02	01:02	01:02	NA	NA	NA	NA	NA	NA	NA	NA
6336	07:01	02:02	13:01	06:03	02:01	01:03	NA	NA	NA	NA	NA	NA	NA	NA
6339	03:01	02:01	10:01	05:01	05:01	01:01	NA	NA	NA	NA	NA	NA	NA	NA
6342	01:01	05:01	04:01	03:02	03:01	01:01	Caucasian	02:01	40:01	03:04	68:01	40:01	03:04	3.44823164787764e-07
6349	07:01	02:02	14:02	03:01	02:01	05:01	NA	NA	NA	NA	NA	NA	NA	NA
6358	01:02	05:01	13:01	06:03	01:01	01:03	NA	NA	NA	NA	NA	NA	NA	NA
6360	03:01	02:01	04:04	03:02	05:01	03:01	NA	NA	NA	NA	NA	NA	NA	NA
6362	03:01	02:01	01:03	05:01	05:01	01:01	NA	NA	NA	NA	NA	NA	NA	NA
6366	14:02	03:01	04:04	03:02	05:01	03:01	NA	NA	NA	NA	NA	NA	NA	NA
6367	07:01	02:02	04:01	03:02	02:01	03:01	NA	NA	NA	NA	NA	NA	NA	NA
6371	03:01	02:01	13:02	06:04	05:01	01:02	NA	NA	NA	NA	NA	NA	NA	NA
6381	07:01	02:02	01:01	05:01	03:03	01:01	NA	NA	NA	NA	NA	NA	NA	NA
6396	03:01	02:01	07:01	02:02	05:01	02:01	NA	NA	NA	NA	NA	NA	NA	NA
6401	07:01	02:02	13:01	06:03	02:01	01:03	NA	NA	NA	NA	NA	NA	NA	NA
6023	15:05	06:02	03:01	02:01	01:02	05:01	Caucasian	NA	NA	NA	NA	NA	NA	NA
6138	03:01	02:01	09:01	03:03	05:01	03:02	Caucasian	NA	NA	NA	NA	NA	NA	NA
6194	04:01	03:02	07:01	03:03	03:01	03:01	Caucasian	NA	NA	NA	NA	NA	NA	NA
