nPODCaseID	date	a_1	a_2	b_1	b_2	c_1	c_2	DRB1_1	DRB1_2	DQA1_1	DQA1_2	DQB1_1	DQB1_2	DPA1_1	DPA1_2	DPB1_1	DPB1_2	t_a_1	t_a_2	t_b_1	t_b_2	t_dr_1	t_dr_2	t_dq_1	t_dq_2	folder
100	2005-01-01																									
101	2005-01-01																									
102	2005-01-01																									
103	2005-01-01																									
104	2005-01-01																									
1338	2005-01-01																									
3000	2013-10-31																									
3005	2015-08-18																									
5000	2017-12-25																	01	31	08	60	17	04	02	08	
503	2005-01-01																					03		06		
6001	2005-01-01																	02	02	07	62	04	15			
6002	2005-01-01							Second s		05:01/0		02:01	03:01/2					01	24	08	44	12	03			
6003	2005-01-01																	01	24	18	52	04	15			
6004	2005-01-01	23:01	24:02	44:02	52:01	05:01	12:02	04:01	15:02	01:03	03:01	03:01	06:01	01:03	02:01	04:02	13:01	23	24	44	52	04	15			
6005	2005-01-01	02:01	24:02	37:01	55:01	03:03	06:02	01:01	12:01	01:01	05:01	03:01	05:01	01:03	01:03	04:01	04:02	02	24	37	55	01	12	05	07	
6006	2005-01-01																									
6007	2005-01-01	30:02	30:02	35:01	35:01	04:01	04:01	11:01	11:02	01:02	05:01	03:01	06:02	02:01	03:01	01:01	04:02	30	30	35	35	11	11			
6008	2005-01-01	02:05	26:01	38:01	58:01	07:01	12:03	04:02	13:02	01:02	03:01	03:02	06:09	01:03	01:03	03:01	04:01	02	26	38	58	04	13			
6009	2005-01-01	11:01	29:02	50:01	57:01	06:02	06:02	07:01	15:01	01:02	02:01	03:03	06:02	01:03	01:03	02:01	04:01	11	29	50	57	07	15	06	06	
6010	2005-01-01	02:01	02:01	07:02	57:01	06:02	07:02	07:01	15:01	01:02	02:01	03:03	06:02	01:03	01:03	02:01	04:01	02	02	07	57	07	15			
6011	2005-01-01	30:01	68:01	42:02	58:02	06:02	17:01	08:04	13:03	04:01	05:01	03:01	03:01	02:01	02:01	01:01	17:01	30	68	42	58	08	13			
6012	2005-01-01			07:02	40:01			04:04	15:01	01:02	03:01	03:02	06:02	01:03	02:02	01:01	59:01	02	31	07	60	15	04	06	08	
6013	2005-01-01	01:01	01:01	07:02	44:03	02:02	07:02	01:02	13:01	01:01	01:03	05:01	06:03	01:03	01:03	04:01	04:01	01	01	07	44	01	13	05	06	
6014	2005-01-01	24:02	68:01	15:05	40:01	03:03	03:03	04:01	13:01	01:03	03:01	03:01	06:03	01:03	01:03	04:01	04:01	24	68	15	40	04	13			
6015	2005-01-01	02:01	02:01	14:02	51:01	08:02	14:02	01:01	04:01	01:01	03:01	03:02	05:01	01:03	01:03	04:01	06:01	02	02	14	51	01	04			
6016	2005-01-01	02:01	03:01	07:02	40:01	03:04	07:02	13:02	15:01	01:02	01:02	06:02	06:04	01:03	01:03	03:01	04:01	02	03	07	60	13	15			
6017	2005-01-01	02:01	11:01	35:01	40:01	03:04	04:01	01:03	11:01	01:01	05:01	03:01	05:01	01:03	01:03	02:01	04:01									
6018	2005-01-01							01:03	13:01									none								
6019	2005-01-01							01:01	03:01	01:01	05:01	02:01	05:01	01:03	01:03	04:01	04:01	01	03	08	35	01	17			
6020	2005-01-01	03:01	23:01	07:02	44:03	04:01	07:02	07:01	13:01	01:03	02:01	02:01	06:03	01:03	01:03	04:01	04:01									
6021	2005-01-01	23:01	34:02	07:02	52:01	07:02	16:01	03:01	13:01	01:03	05:01	02:01	05:01	02:01	03:01	04:02	17:01	23	34	07	52	13	17	02	05	
6022	2005-01-01	02:01	03:01	40:01	44:02	03:04	05:01	04:01	04:04	03:01	03:01	03:01	03:02	01:03	01:03	04:01	04:02	02	03	44	60	04	04	03	03	
6023	2005-01-01							15:01/5	03:01/5	01:02/0	05:01	06:02/4	02:01					11	03	07	60	17	15			
6024	2005-01-01	01:01	31:01	07:02	08:01	07:01	07:02	03:01	13:02	01:02	05:01	02:01	06:04	01:03	02:01	01:01	03:01	01	31	07	08	13	17			
6025	2005-01-01	03:05	29:02	13:02	44:03	06:02	16:01	07:01	07:01	02:01	02:01	02:01	02:01	01:03	02:02	01:01	04:01	29	74	13	44	07	07	02	02	
6026	2005-01-01	01:01	24:02	08:01	18:01	07:01	12:03	03:01	13:02	01:02	05:01	02:01	06:04	01:03	01:03	02:01	04:01	01	24	08	18	03	06	01	02	
6027	2005-01-01	01:01	02:01	08:01	40:01	03:04	07:01	03:01	15:01	01:02	05:01	02:01	06:02	01:03	01:03	03:01	04:01	01	02	08	60	15	17			
6028	2005-01-01	02:01	02:01	44:02	45:01	05:01	16:01	13:01	14:01	01:01	01:03	05:03	06:03	01:03	02:01	01:01	04:01	02	02	44	45	14	14	05	05	
6029	2005-01-01	03:01	31:02	15:15	35:01	01:02	04:01	04:03	08:02	03:01	04:01	03:02	04:02	01:03	01:03	04:02	51:01	04	08							
6030	2005-01-01	02:01	31:01	07:02	44:03	07:02	16:01	07:01	15:01	01:02	02:01	02:01	06:02	01:03	02:02	01:01	03:01	02	31	07	44	15	07	06	02	
6031	2005-01-01	03:01	30:01	07:02	13:02	06:02	07:02	01:01	07:01	01:01	02:01	02:01	05:01	01:03	02:01	02:01	17:01					01	07	01	02	
6032	2005-01-01	02:01	02:01	40:01	44:05	02:02	03:04	03:01	04:01	03:01	05:01	02:01	03:02	01:03	01:03	03:01	04:02	02	02	44	60	04	17	02	08	
6033	2005-01-01	02:01	30:01	13:02	51:01	06:02	14:02	07:01	12:01	02:01	05:01	02:01	03:01	01:03	02:01	04:02	09:01					07	12	02	07	
6034	2005-01-01	03:01	03:01	07:02	15:01	01:02	07:02	01:01	08:01	01:01	04:01	04:02	05:01	01:03	01:03	03:01	03:01	03	03	07	62	01	08	05	04	
6035	2005-01-01	02:01	02:01	08:01	15:01	03:04	07:01	03:01	04:01	03:01	05:01	02:01	03:02	01:03	02:01	01:01	04:01	02	02	08	15	0301:1	0401:1	0201:2	03:02	
6036	2005-01-01	68:02	68:02	14:01	14:01	08:02	08:02	07:01	07:01	03:01	03:01	02:01	02:01	01:03	01:03	02:01	02:01	68	68	14	14	07	07	02	02	
6037	2005-01-01	01:01	02:01	07:02	08:01	07:01	07:02	03:01	04:01	03:01	05:01	02:01	03:02	01:03	01:03	04:01	04:01	01	02	07	08	04	17	02	08	
6038	2005-01-01	02:01	03:01	35:01	44:05	02:02	04:01	01:01	03:01	01:01	05:01	02:01	05:01	01:03	01:03	02:01	03:01	02	03	35	44	01	17	02	05	
6039	2005-01-01	01:01	02:01	08:01	27:05	01:02	07:01	03:01	04:01	03:01	05:01	02:01	03:02	01:03	02:02	04:01	05:01	01	02	08	27	04	17	02	03	
6040	2005-01-01	11:01	30:02	15:01	18:01	03:03	05:01	01:02	03:01	01:01	05:01	02:01	05:01	01:03	01:03	02:01	02:02	11	30	18	62	01	17	02	05	
6041	2005-01-01	02:01	02:01	35:01	40:01	03:04	04:01	01:01	04:01	01:01	03:01	03:02	05:01	01:03	02:01	01:01	16:01	02	02	60	35	01	04	05	08	
6042	2005-01-01																									
6043	2005-01-01	01:01	30:01	07:02	13:02	06:02	07:02	01:01	15:01	01:01	01:02	05:01	06:02	01:03	01:03	04:01	04:01	01	30	07	13	01	15			
6044	2005-01-01	01:01	33:01	14:02	37:01	06:02	08:02	01:02	15:01	01:01	01:02	05:01	06:02	01:03	01:03	04:01	04:02					01	15	01	01	
6045	2005-01-01	01:01	03:01	08:01	14:02	07:01	08:02	03:01	13:02	01:02	05:01	02:01	06:09	01:03	01:03	02:01	04:02	01	03	08	65	13	17	02	06	
6046	2005-01-01	02:01	03:01	15:01	39:01	03:04	07:02	01:01	04:01	01:01	03:01	03:02	05:01	01:03	01:04	04:01	15:01	02	03	39	62	01	04	05	08	
6047	2005-01-01	02:01	03:01	07:02	51:01	01:02	07:02	14:01	15:01	01:01	01:02	05:03	06:02	01:03	01:03	04:01	04:02	02	03	07	51	14	15			
6048	2005-01-01	03:01	31:01	07:02	47:01	06:02	07:02	04:01	15:01	01:02	03:01	03:01	06:02	01:03	01:03	04:01	04:01	03	31(19)	07	47	04	15(02)	06(01)	07(03)	
6049	2005-01-01	32:01	33:03	35:01	40:01	03:04	04:01	04:04	09:01	03:01	03:01	02:01	03:02	01:03	02:01	04:01	17:01					04	09	02	08	
6050	2005-01-01																									
6051	2005-01-01	01:01	68:02	08:01	27:02	02:02	07:01	03:01	16:01	01:02	05:01	02:01	05:02	01:03	02:01	01:01	02:01	01	68	08	27	16	17	02	05	
6052	2005-01-01	02:01	68:01	27:05	50:01	06:02	15:02	09:01	16:02	01:02	03:01	03:03	05:02	01:03	01:03	03:01	04:01	02	68	27	50	09	16	05	09	
6053	2005-01-01	02:01	02:01	07:02	07:02	07:02	07:02	08:03	15:01	01:02	06:01	03:01	06:02	01:03	01:03	23:01	03:01	02	02	07	07	08	15	03	06	
6054	2005-01-01	01:01	02:01	08:01	44:02	05:01	07:01	03:01	04:01	03:01	05:01	02:01	03:02	01:03	02:01	01:01	02:01	01	02	08	44	04	17	02	08	
6055	2005-01-01	03:01	26:01	07:02	38:01	07:02	12:03	01:03	01:03	05:01	05:01	03:01	03:01	01:03	02:01	04:01	13:01	03	26	07	38	103	103	03	03	
6056	2005-01-01	24:02	68:02	14:02	49:01	07:01	08:02	04:05	13:03	03:01	05:01	03:01	03:02	01:03	01:03	04:01	04:01									
6057	2005-01-01	02:01	31:01	40:01	44:02	03:04	05:01	01:01	04:04	01:01	03:01	03:02	05:01	01:03	01:03	04:02	06:01	02	31	44	60	01	04			
6058	2005-01-01	02:01	02:06	39:01	39:02	07:02	07:02	08:02	16:XX	04:01	05:01	03:01	04:02	01:03	01:03	04:02	04:02	02	02	39	39	08	08			
6059	2005-01-01	02:01	11:01	35:01	50:01	04:01	06:02	07:01	08:02	02:01	04:01	02:01	04:02	01:03	01:03	04:01	04:02	02	11	35	50	07	08			
6060	2005-01-01	03:01	24:02	39:01	51:01	07:02	15:02	01:01	11:01	01:01	05:01	03:01	05:02	01:03	02:01	03:01	13:01	03	24	51	39	01	11			
6061	2005-01-01	02:01	68:02	14:02	15:01	03:04	08:01	03:01	04:01	03:01	05:01	02:01	03:02	01:03	01:04	13:01	15:01	02	68	65	62	04	17			
6062	2005-01-01	02:01	24:02	14:01	45:01	02:10	16:01	01:02	07:01	01:01	03:01	02:01	05:01	01:03	02:01	01:01	18:01	02	24	45	64	01	07			
6063	2005-01-01	02:01	24:02	08:01	15:01	03:04	07:01	03:01	04:01	03:01	05:01	02:01	03:02	01:03	01:03	02:01	04:01	02	24	08	62	04	17	02	08	
6064	2005-01-01	02:01	29:02	15:01	44:03	03:04	16:01	01:01	04:01	01:01	03:01	03:02	05:01	01:03	01:03	03:01	04:01	02	29	44	62	01	04			
6065	2005-01-01																									
6066	2005-01-01																									
6067	2005-01-01	24:02	30:02	18:01	39:01	05:01	07:02	03:01	04:07	03:01	05:01	02:01	03:02	01:03	01:03	04:01	04:02	24	30	18	39	04	17	02	08	
6068	2005-01-01	23:01	68:01	08:01	44:03	04:01	07:01	03:01	04:02	03:01	05:01	02:01	03:02	01:03	02:01	04:01	13:01									
6069	2005-01-01	02:01	02:01	51:02	58:01	07:01	14:02	03:01	12:02	05:01	06:01	02:01	03:01	01:03	04:01	18:01	28:01	02	02	51	58	17	12	02	07	
6070	2005-01-01	02:01	02:05	38:01	58:01	07:01	12:03	10:01	16:01	01:01	01:02	05:01	05:02	01:03	02:01	13:01	14:01	02	02	38	58	10	16	05	05	
6071	2005-01-01	03:01	03:01	14:02	15:01	03:04	08:02	04:01	04:01	03:01	03:01	03:01	03:02	01:03	01:03	04:01	04:01									
6072	2005-01-01	02:01	68:01	18:01	51:01	07:01	15:02	13:01	14:01	01:01	01:03	05:03	06:03	01:03	01:03	04:02	03:01					13	14			
6073	2005-01-01																	29	01	37	44	13	16	05	06	
6074	2005-01-01																									
6075	2005-01-01	23:01	33:03	15:03	58:01	02:02	07:01	07:01	11:01	02:01	05:01	02:01	03:01	02:01	02:01	11:01	13:01					07	11	02	03	
6076	2005-01-01	03:01	30:02	18:01	40:01	03:04	05:01	03:01	04:04	03:01	05:01	02:01	03:02	01:03	01:03	02:02	06:01					04	17			
6077	2005-01-01	01:01	02:01	08:01	15:01	03:04	07:01	03:01	04:01	03:01	05:01	02:01	03:02	01:03	01:03	02:01	04:02	01	02	08	62	17	04	02	08	
6078	2005-01-01	02:01	02:01	08:01	40:01	03:04	07:01	03:01	08:01	04:01	05:01	02:01	04:02	01:03	01:03	02:01	03:01									
6079	2005-01-01	02:01	24:02	35:01	44:02	04:01	05:01	01:03	03:01	01:01	05:01	02:01	05:01	01:03	02:01	01:01	02:01	02	24	35	44	103	17	02	05	
6080	2005-01-01	02:01	11:01	35:01	44:02	04:01	05:01	01:01	04:01	01:01	03:01	03:01	05:01	01:03	01:03	04:01	04:02	02	11	35	44	01	04			
6081	2005-01-01	01:01	24:02	07:02	39:01	07:02	07:02	04:07	08:02	03:01	04:01	03:01	04:02	01:03	01:03	03:01	04:02									
6082	2005-01-01	23:01	25:01	15:01	49:01	03:04	07:01	04:01	11:04	03:01	05:01	03:01	03:02	01:03	01:03	04:01	04:01	23	25	49	62	04	11	07	08	
6083	2005-01-01	01:01	66:01	08:01	41:02	07:01	17:01	03:01	04:01	03:01	05:01	02:01	03:02	01:03	02:01	01:01	04:01	01	66	08	41	04	17	02	08	
6084	2005-01-01	01:01	32:01	08:01	40:01	03:04	07:01	03:01	04:01	03:01	05:01	02:01	03:02	01:03	01:03	04:01	04:01	01	32	08	60	17	04	02	08	
6085	2005-01-01																									
6086	2005-01-01																									
6087	2005-01-01	26:01	32:01	08:01	40:01	03:04	07:01	03:01	04:04	03:01	05:01	02:01	03:02	01:03	01:03	02:01	23:01					04	17	02	08	
6088	2005-01-01	02:01	33:01	14:02	51:01	05:01	08:02	01:01	03:01	01:01	05:01	02:01	05:01	01:03	02:01	01:01	601	02	33	14	51	01	17	02	05	
6089	2005-01-01	01:01	02:01	15:01	40:01	03:04	03:04	01:01	04:01	01:01	03:01	03:02	05:01	01:03	02:02	04:01	501	01	02	60	62	01	04	05	08	
6090	2005-01-01	02:05	24:02	07:02	40:05	03:04	07:02	04:04	15:01	01:02	03:01	03:02	06:02	01:03	01:03	03:01	402	02	24	07	40	04	15	06	08	
6091	2005-01-01	01:01	25:01	18:01	39:06	07:02	12:03	08:01	15:01	01:02	04:01	04:02	06:02	01:03	01:03	02:01	03:01	01	25	18	39	15	08	06	04	
6092	2005-01-01	36:01	80:01	44:03	53:01	04:01	04:01	04:01	11:01	01:02	03:01	03:02	06:02	02:01	03:01	01:01	85:01					4	11	06	08	
6093	2005-01-01																									
6094	2005-01-01	33:01	74:01	35:01	53:01	04:01	04:01	13:02	13:03	01:02	02:01	02:01	05:01	02:01	02:01	17:01	17:01	33	74	35	53	13	13	02	05	
6095	2005-01-01	02:01	03:01	07:02	48:01	07:02	08:01	11:01	14:02	05:01	05:01	03:01	03:01	01:03	01:03	04:01	51:01	02	03	07	48	11	14	07	07	
6096	2005-01-01	02:01	30:02	14:02	42:01	08:02	17:01	03:02	15:03	01:02	04:01	04:02	06:02	02:02	03:01	01:01	402	02	30	65	42	15	18			
6097	2005-01-01	02:01	11:01	44:02	55:01	03:03	05:01	01:01	14:01	01:01	01:01	05:01	05:03	01:03	01:03	04:01	04:01	02	11	44	55	01	14	05	05	
6098	2005-01-01	01:01	32:01	08:01	27:05	01:02	07:01	03:01	08:01	04:01	05:01	02:01	04:02	01:03	02:01	01:01	04:01	01	32	08	27	17	08	02	04	
6099	2005-01-01	24:02	26:01	27:03	44:05	01:02	02:02	03:01	11:01	05:01	05:01	02:01	03:01	01:03	01:03	04:01	04:02					13	15			
6100	2005-01-01																									
6101	2005-01-01	02:01	32:01	44:02	51:01	01:02	05:01	13:02	15:01	01:02	01:02	06:02	06:04	01:03	01:03	03:01	04:01					13	15			
6102	2005-01-01	03:01	31:01	08:01	44:02	05:01	07:01	03:01	04:01	03:01	05:01	02:01	03:01	01:03	02:01	01:01	02:01					04	17	02	07	
6103	2005-01-01	02:01	80:01	40:02	44:02	04:01	05:01	11:01	13:01	01:03	05:01	03:01	06:03	01:03	02:01	04:01	10:01	02	80	44	61	11	13	06	07	
6104	2005-01-01	29:02	68:01	39:06	44:03	12:03	16:01	07:01	13:01	01:01	02:01	02:01	05:01	01:03	02:02	01:01	03:01					07	13	02	05	
6105	2005-01-01	03:01	29:02	07:02	15:01	03:03	07:02	13:01	15:01	01:02	01:03	06:02	06:03	01:03	02:01	01:01	03:01	03	29	07	62	13	15	06	06	
6106	2005-01-01	31:01	32:01	27:05	52:01	01:02	15:02	01:01	04:07	01:01	03:01	03:02	05:01	01:03	01:03	04:01	04:02	31	32	27	52	01	04	05	08	
6107	2005-01-01	01:01	02:01	08:01	51:01	07:01	14:02	13:01	15:01	01:02	01:03	06:02	06:03	01:03	01:03	02:01	04:01	01	02	08	51	13	15	06		
6108	2005-01-01	11:01	24:07	38:01	38:02	07:02	07:02	15:02	15:02	01:02	01:02	05:02	05:02	02:02	02:02	01:01	05:01	11	24	38	38	15	15	05	05	
6109	2005-01-01	02:11	68:36	35:02	39:01	04:01	07:02	14:02	16:02	05:01	05:01	03:01	03:01	02:02	02:02	04:01	05:01	02	68	35	39	14	16	07	07	
6110	2005-01-01	23:01	34:02	14:02	53:01	04:01	08:02	03:02	15:03	01:02	04:01	04:02	06:02	02:01	03:01	04:02	17:01	23	34.	65	53	18	15	04	06	
6111	2005-01-01	26:01	32:01	42:02	55:01	03:03	17:01	13:03	14:01	01:01	05:01	03:01	05:03	01:03	02:01	03:01	10:01	26	32	42	55	13	14	07	05	
6112	2005-01-01	26:01	31:01	51:01	58:01	07:01	15:02	04:07	13:02	01:02	03:01	03:01	05:01	01:03	02:01	03:01	13:01	26	31	51	58.	04	13	05	07	
6113	2005-01-01	02:01	03:01	08:01	44:02	07:01	07:04	01:01	03:01	01:01	05:01	02:01	05:01	01:03	02:01	04:01	14:01	02	03	08	44	01	17	02	05	
6114	2005-01-01	03:01	31:01	07:02	15:01	03:03	07:02	07:01	15:01	01:02	02:01	03:03	06:02	01:03	01:03	04:01	04:01	03	31	07	62	07	15	06	09	
6115	2005-01-01	01:01	68:01	35:01	57:01	04:01	06:02	04:01	07:01	02:01	03:01	03:01	03:03	01:03	01:03	04:01	04:02	01	68	35	57	04	07	07	09	
6116	2005-01-01	01:01	29:02	44:03	52:01	12:02	16:01	08:01	15:02	01:03	04:01	04:02	06:01	01:03	01:03	04:01	04:01	01	29	44	52	08	15	04	06.	
6117	2005-01-01	01:01	11:01	18:01	57:01	06:02	07:01	07:01	07:01	02:01	02:01	02:01	03:03	01:03	01:03	02:01	04:01	01	11	18	57	07	07	02	09	
6118	2005-01-01	02:01	68:01	27:05	35:17	02:02	04:01	04:11	14:02	03:01	05:01	03:01	03:02	01:03	01:03	04:01	04:01	02	68	27	35	04	14	07	08	
6119	2005-01-01	01:01	03:01	07:02	08:01	07:01	07:02	03:01	04:04	03:01	05:01	02:01	03:02	01:03	01:03	03:01	06:01	01	03	07	08	04	17	02	08	
6120	2005-01-01																									
6121	2005-01-01	02:01	03:01	13:02	35:01	04:01	06:02	01:01	07:01	01:01	02:01	02:01	05:01	01:03	01:03	04:01	06:01	02	03	13	35	01	07	02	05	
6122	2005-01-01	11:01	68:02					04:07	14:01	01:01	03:01	03:01	05:03					11	68			04	14			
6123	2005-01-01	02:01	24:02	35:01	51:01	01:02	03:03	08:01	11:01	04:01	05:01	03:01	04:02	01:03	01:03	04:01	04:01	02	24	35	51	08	11	04	07	
6124	2005-01-01	29:02	29:02	27:05	45:01	02:02	06:02	04:01	15:01	01:02	03:01	03:01	06:02	01:03	01:03	04:01	04:01	29	29	27	45	04	15	06	07	
6125	2005-01-01	24:02	24:02	07:02	40:01	03:04	07:02	04:04	15:01	01:02	03:01	03:02	06:03	01:03	01:03	03:01	06:01	24	24	07	60	04	15	06	08	
6126	2005-01-01	29:02	33:01	14:02	44:03	08:02	16:01	03:01	07:01	02:01	05:01	02:01	02:01	01:03	01:03	04:01	04:01									
6127	2005-01-01	01:01	02:01	08:01	56:01	01:02	07:01	03:01	04:04	03:01	05:01	02:01	03:02	01:03	02:01	01:01	04:01	01	02	08	56	04	17	02	08	
6128	2005-01-01	01:01	02:01	08:01	37:01	06:02	07:01	03:01	16:01	01:02	05:01	02:01	05:02	01:03	02:01	04:01	10:01	01	02	08	37	16	17	02	05	
6129	2005-01-01	03:01	23:01	07:02	14:02	07:02	08:02	03:01	15:01	01:02	05:01	02:01	06:02	01:03	02:01	01:01	04:01									
6130	2005-01-01	01:01	03:01					03:01	15:01	01:02	05:01	02:01	06:02					01	03	07	08	15	17	02	06	
6131	2005-01-01	01:01	11:01	08:01	18:01	05:01	07:01	03:01	03:01	05:01	05:01	02:01	02:01	01:03	02:01	01:01	02:02	01	11	08	18	17	17	02	02	
6132	2005-01-01	03:01	32:01	18:01	40:02	02:02	12:03	11:01	13:02	01:02	05:01	03:01	06:04	01:03	01:03	02:01	03:01	03	32	18	61	11	13	06	03	
6133	2005-01-01	06																02	02	03	37	60	10	15	05	
6134	2005-01-01	03:01	29:02	37:01	44:03	06:02	16:01	07:01	10:01	01:01	02:01	02:01	05:01	01:03	02:01	04:01	11:01	03	29	37	44	07	10	02	05	
6135	2005-01-01	02:01	68:01	27:05	51:01	02:02	14:02	01:01	13:02	01:01	01:02	05:01	06:04	01:03	01:03	03:01	04:01									
6136	2005-01-01	01:01	02:01	08:01	15:01	04:01	07:01	04:04	15:01	01:02	03:01	03:02	06:02	01:03	02:02	02:01	05:01	01	02	08	62	04	15	06	08	
6137	2005-01-01	24:02	33:01	14:02	44:02	02:02	08:02	03:01	07:01	02:01	05:01	02:01	02:01	01:03	01:03	02:01	04:01	24	33	65	44	07	17	02	02	
6138	2005-01-01							03:01/5	09:01/1	03:02/0	05:01	02:01	03:03/3					02	03	18	51	09	17	02	09	
6139	2005-01-01	02:01	30:02	40:01	57:03	03:04	07:01	04:04	15:03	01:02	03:01	03:02	06:02	01:03	01:03	02:01	06:01	02	30	60	57	04	15	08	06	
6140	2005-01-01	01:01	03:01	35:01	35:01	04:01	04:01	01:01	03:01	01:01	05:01	02:01	05:01	01:03	01:03	04:01	04:02	01	03	35	35	01	17	05	02	
6141	2005-01-01	01:01	01:01	08:01	15:01	01:02	03:03	03:01	04:01	03:01	05:01	02:01	03:02	01:03	01:03	02:01	04:01									
6142	2005-01-01	24:02	80:01	39:06	58:01	07:01	07:02	01:02	14:06	01:01	05:01	03:01	05:01	01:03	01:03	02:01	04:02	24	80	39	58	14	01	07	05	
6143	2005-01-01	01:01	29:02	44:03	50:01	06:02	16:01	03:01	04:01	03:01	05:01	02:01	03:01	01:03	01:03	02:01	04:01	01	29	44	50	04	17	02	07	
6144	2005-01-01	02:01	02:01	40:05	44:03	03:02	16:01	07:01	08:02	02:01	04:01	02:02	04:02	01:03	02:02	01:01	04:02	02	02	40	44	07	08	02	04	
6145	2005-01-01	02:01	02:01	08:01	15:01	03:04	07:01	03:01	04:01	03:01	05:01	02:01	03:02	01:03	02:01	01:01	02:01	02	02	08	62	17	04	02	08	
6147	2005-01-01	02:01	02:22	39:09	44:02	05:01	07:02	04:01	08:02	03:01	04:01	03:01	04:02	01:03	02:01	03:01	14:01	02	02	39	44	04	08	04	07	
6148	2005-01-01	31:01	68:01	08:01	44:02	07:01	07:04	03:01	04:01	03:01	05:01	02:01	03:02	01:03	02:01	02:01	04:01	31	68	08	44					
6149	2005-01-01	30:02	66:02	07:02	53:01	04:01	15:05	09:01	15:03	01:02	03:01	02:02	06:02	01:03	03:01	04:02	18:01	30	66	07	53	09	15	02	06	
6150	2005-01-01	01:01	02:01	07:02	08:01	07:01	07:02	01:01	03:01	01:01	05:01	02:01	05:01	01:03	02:01	01:01	02:01	01	02	07	08	01	17	02	05	
6151	2005-01-01	02:01	24:02					01:01	07:01	01:01	02:01	02:02	05:01					02	24	44	44	01	07	02	05	
6152	2005-01-01	02:01	30:02	07:02	37:01	06:02	07:02	04:01	11:03	03:01	05:05	03:01	03:02	01:03	01:03	04:01	04:02	02	30	07	37	04	11	07	08	
6153	2005-01-01	24:02	26:01	35:05	58:01	03:02	04:01	04:04	13:02	01:02	03:01	03:02	06:09	01:03	01:03	04:01	04:02	24	26	35	38	04	13	06	08	
6154	2005-01-01	02:01	03:01	07:02	07:02	07:02	07:02	09:01	15:01	01:02	03:01	03:03	06:03	01:03	01:03	02:01	04:01	02	03	07	07	09	15	09	06	
6155	2005-01-01	24:02	68:02	14:02	27:05	02:02	08:02	04:01	11:01	03:02	05:05	03:01	03:02	01:03	01:03	04:01	04:02	24	68	27	65	04	11	07	08	
6156	2005-01-01	03:01	32:01	40:02	53:01	04:01	15:02	01:01	01:02	01:01	01:01	05:01	05:01	01:03	02:02	03:01	05:01	03	32	61	53	01	01	05	05	
6157	2005-01-01	01:01	02:05	50:04	53:01	06:02	08:02	07:01	13:02	01:02	02:01	02:02	05:01	01:03	02:01	04:01	11:01	01	02	08	51	04	09	07	09	
6158	2005-01-01	03:01	24:02	15:01	49:01	03:04	07:01	04:01	13:02	01:02	03:01	03:01	06:04	01:03	01:04	04:01	15:01	03	24	49	62	04	13	06	07	
6159	2005-01-01	02:01	02:01					03:01	04:01	03:01	05:01	02:01	03:02					02	02	44	62	04	17	02	08	
6160	2005-01-01																	11	29	35	44	103	07	02	05	
6161	2005-01-01	02:01	02:05					04:01	07:01	02:01	03:01	02:02	03:02					02	02	50	62	04	07	02	08	
6162	2005-01-01	25:01	68:02					13:03	16:02	01:02	05:01	03:01	05:02					25	68	57	58	13	16	07	05	
6163	2005-01-01	01:01	31:01					03:01	04:01	03:01	05:01	02:01	03:02					01	31	44	55	17	04	08	02	
6164	2005-01-01	01:01	24:03					03:01	03:01	05:01	05:01	02:01	02:01					01	24	08	18	17	17	02	02	
6165	2005-01-01	01:01	02:01					13:01	15:01	01:02	01:03	06:02	06:03					01	02	08	38	13	15	06	06	
6166	2005-01-01	33:03	68:02					09:01	13:01	01:03	03:01	02:02	06:03					33	68	07	58	09	13	02	06	
6167	2005-01-01	01:01	03:01					04:04	15:02	01:03	03:01	03:02	06:01					01	03	60	52	04	02	08	06	
6168	2005-01-01	02:01	24:02					01:03	04:04	01:01	03:01	03:02	05:01					02	24	07	61	103	04	05	08	
6169	2005-01-01	02:01	24:02					03:01	07:01	02:01	05:01	02:01	03:03					02	24	08	51	07	17	02	09	
6170	2005-01-01	29:02	74:01					04:01	13:03	02:01	03:01	02:02	03:01					29	74	64	57	04	13	07	02	
6171	2005-01-01	02:01	31:01					03:01	03:01	05:01	05:01	02:01	02:01					02	31	08	13	17	17	02	02	
6172	2005-01-01	03:01	68:02					01:01	13:03	01:01	05:01	03:01	05:01					03	68	65	70	01	13	07	05	
6173	2005-01-01	24:02	29:10					01:02	11:01	01:01	05:01	03:01	05:01					24	29	18	64	01	11	05	07	
6174	2005-01-01	02:05	26:01					03:01	07:01	02:01	05:01	02:01	02:01					02	26	08	50	07	17	02	02	
6175	2005-01-01	01:01	01:01					03:01	03:01	05:01	05:01	02:01	02:01					01	01	07	08	17	07	02	02	
6176	2005-01-01	01:01	02:01					03:01	08:02	04:01	05:01	02:01	04:02					01	02	08	35	17	08	02	04	
6177	2005-01-01	02:01	02:01					04:11	11:04	03:01	05:01	03:01	03:02					02	02	39	48	04	11		na	
6178	2005-01-01	02:01	24:02					04:01	15:01	01:02	03:01	03:01	06:02					02	24	27	44	04	15	06	03	
6179	2005-01-01	02:01	24:02					03:01	04:04	03:01	05:01	02:01	03:02					02	24	15	27	03	04	02	08	
6180	2005-01-01	01:01	02:01					01:01	03:01	01:01	05:01	02:01	05:01					01	02	08	27	01	17	02	05	
6181	2005-01-01	03:01	11:01					01:01	04:01	01:01	03:01	03:02	05:01					03	11	35	51	01	04	08	05	
6182	2005-01-01	02:01	03:01					04:01	16:02	01:02	03:01	03:01	05:02					02	03	07	51	04	16	05	07	
6183	2005-01-01	02:01	30:01					01:02	03:02	01:01	04:01	04:02	05:01					02	30	42	71	01	18	04	05	
6184	2005-01-01	02:06	68:03					04:07	04:07	03:01	03:01	03:02	03:02					02	68	39	39	04	04	08	08	
6185	2005-01-01	03:01	74:01					03:02	11:1	01:02	04:01	04:02	06:02					03	74	42	53	18	11	04	06	
6186	2005-01-01	11:01	30:02					07:01	15:01	01:02	02:01	02:02	06:02					11	30	07	49	07	15	02	06	
6187	2005-01-01	32:01	68:01					15:01	15:01	01:02	01:02	06:02	06:02					32	68	39:01	60	15	15	06	06	
6188	2005-01-01	02:02	66:01					12:01	14:01	01:02	05:01	03:01	06:04					02	66	45	58	12	14	07	06	
6189	2005-01-01	11:01	11:01					01:03	01:03	01:01	01:01	05:01	05:01					11	11	27	35	103	103	05	05	
6190	2005-01-01	02:01	03:01					13:05	15:01	01:02	05:01	03:01	06:02					02	03	07	35	13	15	06	07	
6191	2005-01-01	01:01	02:01					04:01	07:01	02:01	03:01	02:02	03:02					01	02	60	44	04	07	08	02	
6192	2005-01-01	02:01	33:01					01:03	11:01	01:01	05:01	03:01	05:01					infant								
6193	2005-01-01	02:01	03:01					01:01	04:01	01:01	03:01	03:02	05:01					02	03	62	35	01	04	08	05	
6194	2005-01-01							04:01	07:01	02:01	03:01/0	03:02/3	03:03/3					02	03	55	57	04	07	08	09	
6195	2005-01-01	03:01	03:01					04:01	15:01	01:02	03:01	03:02	06:02					03	03	07	15(62)	04	15	03(8)	06	
6196	2005-01-01	03:01	30:02					12:01	13:03	01:01	05:01	02:01	05:01					03	30	35	58	12	13	02	05	
6197	2005-01-01	02:02	24:02					03:02	07:01	02:01	04:01	02:02	04:02					02	24	42	45	07	18	02	04	
6198	2005-01-01	02:05	30:01					04:01	11:02	03:01	05:01	03:02	03:19					02	30	18	53	04	11			
6199	2005-01-01	03:01	30:02					01:02	12:01	01:01	01:01	05:01	05:01					03	30	44	63	01	12	05	05	
6200	2005-01-01																	infant								
6201	2005-01-01																	infant								
6202	2005-01-01	11:01	30:02					07:01	14:01	01:01	02:01	02:02	05:03													
6203	2005-01-01	24:02	33:01					01:02	11:04	01:01	05:01	03:01	05:01					24	33	35	65	01	11	05	07	
6204	2005-01-01	24:02	24:02					07:01	08:01	02:01	04:01	02:02	04:02					24	24	35	39	07	08	02	04	
6205	2005-01-01	01:01	11:01					04:01	16:01	01:02	03:01	03:01	05:02					01	11	35	57	04	16	05	07	
6206	2005-01-01	02:01	26:01					04:02	13:01	01:03	03:01	03:02	06:03					02	26	38	62	04	13	06	08	
6207	2005-01-01	23:01	24:02					09:01	13:02	01:02	03:01	02:02	06:04					23	24	07	55	09	13	02	06	
6208	2005-01-01	01:01	68:01					03:01	04:01	03:01	05:01	02:01	03:02					01	68	08	44	17	04	02	08	
6209	2005-01-01	01:01	02:01					04:01	03:01	03:01	05:01	03:02	02:01	01	02	08	35									
6210	2005-01-01																	infant								
6211	2005-01-01	02:01	03:01					04:05	12:01	03:01	05:01	03:01	03:02					02	03	08	45	04	12	07	08	
6212	2005-01-01	01:01	02:01					07:01	07:01	02:01	02:01	02:02	02:02	01	02	15	44	01	02	44	62	07	07	02	02	
6213	2005-01-01	01:01	02:01					03:01	04:01	03:01	05:01	02:01	03:02					01	02	08	62	17	04	02	08	
6214	2005-01-01																	infant								
6215	2005-01-01	02:01	11:01					01:03	04:01	01:01	03:01	03:02	05:01													
6216	2005-01-01																	03	30	08	51	17	08	na	na	
6217	2005-01-01	03:01	03:01					04:07	08:01	03:01	04:01	03:01	04:02					03	03	07	07	04	08	07	04	
6218	2005-01-01	01:01	68:01					03:02	07:01	02:01	04:01	02:02	04:02					01	68	07	37	07	18	02	04	
6219	2005-01-01	02:01	68:02					08:01	13:02	01:02	04:01	04:02	06:04					02	68	18	53	08	13	04	06	
6220	2005-01-01	01:01	02:01					03:01	07:01	02:01	05:01	02:01	03:03					01	02	08	39	07	17	02	09	
6221	2005-01-01	02:01	11:01					04:01	07:01	02:01	03:01	02:02	03:02					02	11	07	62	04	07	02	08	
6222	2005-01-01																	infant								
6223	2005-01-01	01:01	29:02					03:01	04:01	03:01	05:01	02:01	03:02					01	29	08	44	04	17	02	08	
6224	2005-01-01	02:01	11:01					01:01	04:04	01:01	03:01	03:02	05:01					02	11	39	51	01	04	na	na	
6225	2005-01-01	01:01	11:01					03:01	12:01	05:01	05:01	02:01	03:01					01	11	08	27	12	17	02	07	
6226	2005-01-01	02:03	33:03					11:01	14:01	01:01	05:01	03:01	05:03					203	33	35	55	11	14	05	07	
6227	2005-01-01	02:01	03:01					04:01	13:02	01:02	03:01	03:02	06:04					02	03	60	62	04	13	06	08	
6228	2005-01-01	23:01	68:01					03:01	04:02	03:01	05:01	02:01	03:02					23	68	60	44	17	04	02	08	
6229	2005-01-01	02:01	24:02					01:01	13:02	01:02	01:02	05:04	06:04													
6230	2005-01-01	23:01	32:01					04:01	11:001	03:01	05:01	03:01	03:02	01	01	04:01	04:01	23	32	44	49	04	11	07	08	
6231	2005-01-01	01:01	02:01					03:01	03:01	05:01	05:01	02:01	02:01					01	02	08	50	17	17	02	02	
6232	2005-01-01	02:01	24:02					15:01	15:01	01:02	01:02	06:02	06:02					02	24	07	44	15	15	06	06	
6233	2005-01-01	01:01	26:01					01:01	13:01	01:01	01:03	05:01	06:03					01	26	38	51	01	13	na	na	
6234	2005-01-01	02:01	11:01					11:01	15:01	01:02	05:01	03:01	06:02					02	11	13	44	11	15	07	06	
6235	2005-01-01	24:02	68:01					03:01	04:07	03:01	05:01	02:01	03:02					24	68	35	51	04	17	02	08	
6236	2005-01-01	24:02	24:02					03:01	08:01	04:01	05:01	02:01	04:02					24	24	08	39	17	08	02	04	
6237	2005-01-01	02:01	29:01					04:01	13:03	03:01	05:01	03:01	03:02					02	29	51	51	04	13	07	08	
6238	2005-01-01	02:05	32:01					03:02	11:01	04:01	05:01	03:01	04:02					02	32	45	61	11	18	04	07	
6239	2005-01-01	23:01	30:02					13:04	15:03	01:02	05:01	03:19	06:02					23	30	08	18	13	15	06	07	
6240	2005-01-01	01:01	03:01					07:01	15:01	01:02	02:01	02:02	06:02					01	03	07	58	07	15	02	06	
6241	2005-01-01	02:01	03:01					03:01	04:01	03:01	05:01	02:01	03:02					02	03	08	15	03	04	02	03	
6242	2005-01-01	02:01	02:01					01:01	04:01	01:01	03:01	03:02	05:01					02	02	27	44	01	04	05	08	
6243	2005-01-01	01:01	02:01					03:01	03:01	05:01	05:01	02:01	02:01					01	02	08	08	17	17	02	02	
6244	2005-01-01	01:01	02:06					03:01	04:01	03:01	05:01	02:01	03:02					01	02	08	27	04	17	02	08	
6245	2005-01-01	03:01	32:01					03:01	04:05	03:01	05:01	02:01	03:02					03	32	61	65	04	17	02	08	
6246	2005-01-01	36:01	74:01					03:01	09:01	03:01	05:01	02:01	02:02					36	74	53	72	09	17	02	02	
6247	2005-01-01	24:02	68:01					04:04	11:01	03:01	05:01	03:01	03:02					24	68	44	60	04	11			
6248	2005-01-01	03:01	33:01					01:02	04:01	01:01	03:01	03:02	05:01					03	33	62	65	01	04	05	08	
6249	2005-01-01	02:01	24:02					04:05	04:05	03:01	03:01	04:02	04:02					02	24	62	62	04	04	04	62	
6250	2005-01-01	01:01	32:01					03:01	15:01	01:02	05:01	02:01	06:02					01	32	08	44	15	17			
6251	2005-01-01	02:01	24:02					04:01	11:01	03:01	05:01	03:01	03:01					02	24	44	51	04	11	07	07	
6252	2005-01-01	02:06	24:02					08:02	14:02	04:01	05:01	03:01	04:02					02	24	35	39	08	14	04	07	
6253	2005-01-01	23:01	30:01					03:02	11:01	04:01	05:01	03:19	04:02					23	30	42	53	18	11	07	04	
6254	2005-01-01	02:01	29:02					03:01	07:01	02:01	05:01	02:01	02:02					02	29	07	62	07	17	02	02	
6255	2005-01-01	02:01	11:01					11:01	12:01	05:01	05:01	03:01	03:01													
6257	2005-01-01	02:01	36:01					10:01	15:03	01:01	01:02	05:01	06:02					02	36	37	58	10	15	05	06	
6258	2005-01-01	02:01	02:01					04:01	04:01	03:01	03:01	03:02	03:02													
6259	2005-01-01	02:01	03:01					04:01	15:01	01:02	03:01	03:02	06:02					02	03	07	62	04	15	08	06	
6261	2005-01-01	03:01	30:01					01:01	04:01	01:01	03:01	03:02	05:01					03	30	35	62	01	04	05	08	
6262	2005-01-01	01:02	11:01					04:01	04:05	03:01	03:01	03:02	03:02					01	11	49	62	04	04	08	08	
6263	2005-01-01	02:06	24:02					04:07	14:06	03:01	05:01	03:01	03:02					02	24	39	39	04	14	07	08	
6264	2005-01-01	23:01	32:01					03:01	04:04	03:01	05:01	02:01	03:02													
6265	2005-01-01	03:01	32:01					03:01	04:01	03:01	05:01	02:01	03:02					03	32	07	62	04	17			
6266	2005-01-01	01:01	03:01					03:01	04:04	03:01	05:01	02:01	03:02					01	03	08	61	04	17	02	08	
6267	2005-01-01	01:01	11:01					04:01	04:04	03:01	03:01	03:02	03:02					01	11	39	60	04	04	08	08	
6268	2005-01-01	02:01	68:01					03:01	13:02	01:02	05:01	02:01	06:04					02	68	18	60	13	17	02	06	
6269	2005-01-01	29:02	66:01					04:01	13:03	03:01	05:01	03:01	03:02													
6270	2005-01-01	03:02	25:01					03:01	03:01	05:01	05:01	02:01	02:01					03	25	08	18	17				
6271	2005-01-01	02:01	02:06					07:01	15:02	01:01	02:01	02:02	05:01					02		27	44	07	15	02	05	
6272	2005-01-01	23:01	33:03					04:05	13:02	01:02	03:01	03:02	06:04					23	33	35	53	04	13	08	06	
6273	2005-01-01	02:02	03:01					15:01	15:03	01:02	01:02	06:02	06:02					02	03	07	49	15		06		
6274	2005-01-01	01:01	31:01					03:01	11:01	05:01	05:01	02:01	03:01					01	31	08	35	11	17	02	07	
6275	2005-01-01	02:01	25:01					09:01	15:01	01:02	03:01	03:03	06:02					02	25	07	51	09	15	09	06	
6276	2005-01-01	11:01	33:01					04:02	04:07	03:01	03:01	03:02	03:02					11	33	35	39	04		08		
6277	2005-01-01	23:01	23:01					11:02	13:04	03:01	05:01	03:19	03:19					23		7	49	11	13	07		
6278	2005-01-01	23:01	68:02					11:04	12:01	03:01	05:01	03:01	05:02					23	68	45	71	11	12	05	07	
6279	2005-01-01	01:01	29:01					07:01	15:01	01:02	02:01	02:02	06:02					01	29	07	51	07	15	02	06	
6280	2005-01-01	03:01	68:01					04:04	07:01	02:01	03:01	02:02	03:02					03	68	18	51	04	07	02	08	
6281	2005-01-01	24:02	29:02					03:01	07:01	02:01	05:01	02:01	02:02					24	29	18	44	17	07	02	02	
6282	2005-01-01	03:01	29:02					13:01	15:01	01:02	01:03	06:02	06:03					03	29	44	51	13	15	06	06	
6283	2005-01-01	01:01	02:01					07:01	13:01	01:03	02:01	02:02	06:03													
6284	2005-01-01	36:01	68:02					15:03	15:03	01:02	03:01	02:02	06:02					36	68	53		15		02	06	
6285	2005-01-01	01:01	24:02					04:05	07:01	02:01	03:01	02:02	03:02					01	24	07	45	53	53	02	08	
6286	2005-01-01	24:02	30:01					04:01	07:01	02:01	03:01	02:02	03:01					24	30	13	44	04	07	02	07	
6287	2005-01-01	02:01	03:01					01:01	09:01	01:01	03:01	03:03	05:01					02	03	27	44	01	09	09	05	
6288	2005-01-01	02:01	24:02					11:01	15:01	01:02	05:01	03:01	06:02					02	24	39	44	15	11	06	07	
6289	2005-01-01	02:01	02:11					04:11	07:01	02:01	03:01	02:02	03:02					02		44	52	04	07	02	08	
6290	2005-01-01	01:01	24:02					03:01	04:04	03:01	05:01	02:01	03:02					01	24	62	08	17	04	02	08	
6291	2005-01-01																	03	24	27	44	04	07	08	09	
6292	2005-01-01	02:01	02:01					04:01	07:01	02:01	03:01	03:01	03:03					02	02	44	44	04	07	07	09	
6293	2005-01-01	29:01	68:02					01:02	11:04	01:01	05:01	03:01	05:01					29	68	35	65	01	11	05	07	
6294	2005-01-01	01:01	01:01					03:01	13:01	01:03	05:01	02:01	06:03					01		08	44	13	17	02	06	
6295	2005-01-01	02:01	23:01					01:02	10:01	01:01	01:01	05:01	05:01					02	23	07	72	01	10	05		
6296	2005-01-01	02:06	24:02					03:01	04:04	03:01	05:01	02:01	03:02					02	24		45	17	04	02	08	
6297	2005-01-01	32:01	68:01					01:01	13:01	01:01	01:03	05:01	06:03					32	68	44		01	13	05	06	
6298	2005-01-01	24:02	74:01					04:05	13:03	02:01	03:01	02:02	02:02					24	74	27	53	04	13	02	02	
6299	2005-01-01	01:01	11:01					03:01	04:01	03:01	05:01	02:01	03:02					01	11	08	55	04	17	02	08	
6300	2005-01-01	02:01	02:06					04:05	04:07	03:01	03:01	03:02	03:02					02		61	63	04	04	08	08	
6301	2005-01-01	23:01	23:01					11:01	13:04	01:02	05:01	03:19	06:02					23		07		11	13	03	06	
6302	2005-01-01	24:02	66:02					03:01	04:01	03:01	05:01	02:01	03:02					24	66	71	60	17	04	02	08	
6303	2005-01-01	01:01	11:01					03:01	07:01	02:01	05:01	02:01	02:02					01	11	08	44	17	07	02	02	
6304	2005-01-01	30:02	68:02					03:02	11:02	04:01	05:01	03:19	04:02					30	68	08	57	18	11	07	04	
6305	2005-01-01	01:01	03:01					07:01	15:01	01:02	02:01	03:03	06:02					01	03	07	57	07	15	06	09	
6306	2005-01-01	01:01	02:01					03:01	04:01	03:01	05:01	02:01	03:02					01	02	08	55	04	17	02	08	
6307	2005-01-01	01:01	24:02					03:01	03:01	05:01	05:01	02:01	02:01					01	24	39	08	17				
6308	2005-01-01	01:01	24:02					03:01	03:01	05:01	05:01	02:01	02:01					01	24	08		17		02		
6309	2005-01-01	02:01	02:01					01:02	01:02	01:01	01:01	05:01	05:01					02		40	42	01		05		
6310	2005-01-01	03:01	30:01					07:01	11:02	02:01	05:01	02:02	03:19					03	30	08	57	07	01			
6311	2005-01-01	02:02	23:01					15:03	15:03	01:02	01:02	06:02	06:02					02	23	07	35	15		06		
6312	2005-01-01	02:01	03:01					03:01	04:01	03:01	05:01	02:01	03:02					02	03	62	60	17	04	02	08	
6313	2005-01-01	03:01	11:01					14:01	15:01	01:01	01:02	05:03	06:02					03	11	47	60	14	15	05	06	
6314	2005-01-01	02:05	24:02					01:03	04:01	01:01	03:01	03:01	05:01					02	24	07	35	103	04			
6315	2005-01-01	23:01	23:01					11:02	15:03	01:02	05:01	03:19	06:02					23	23	35	53	11	15	01	05	
6316	2005-01-01	24:02	31:01					04:04	13:01	03:01	03:01	03:02	03:03					24	31	35	60	04	13	08	09	
6317	2005-01-01	01:01	03:01					15:01	15:01	01:02	01:02	06:02	06:02													
6318	2005-01-01	03:01	03:01					04:04	11:01	03:01	05:01	03:01	03:02													
6319	2005-01-01	24:02	25:01					03:01	04:01	03:01	05:01	02:01	03:02					24	25	08	27	17	04	02	08	
6320	2005-01-01	01:01	02:01					07:01	15:01	01:02	02:01	03:03	06:02					01	02	44	57	07	15	06	09	
6321	2005-01-01	02:01	02:01					04:01	11:01	03:01	05:01	03:02	03:02					02		62	44	04	11	08		
6322	2005-01-01	02:01	31:01					03:01	03:01	05:01	05:01	02:01	02:01					02	31	08	51	17		02		
6323	2005-01-01	01:01	25:01					03:01	04:02	03:01	05:01	02:01	03:02					01	25	08	18	17	04	02	08	
6324	2005-01-01	11:01	24:02					11:04	15:02	01:03	05:01	03:01	06:01					11	24	18	52	11	15	07	06	
6325	2005-01-01	02:01	66:01					04:01	15:03	01:02	03:01	03:01	06:02					02	66	39	44	04	15	07	06	
6326	2015-04-17	01:01	02:01					03:01	04:01	03:01	05:01	02:01	03:01					01	02	07	08	04	17	02	07	
6327	2015-05-06	32:01	68:01					03:01	03:01	05:01	05:01	02:01	02:01					32	68	18	18	17	17	02	02	
6328	2015-05-06	29:02	68:01					03:01	04:05	03:01	05:01	02:01	03:02					29	68	18	61	17	04	02	08	
6329	2015-05-06	24:02	68:03					04:11	08:02	03:01	04:01	03:02	04:02					24	68	35	39	04	08	08	04	
6330	2015-05-13	01:01	03:01					03:01	04:01	03:01	05:01	02:01	03:02					01	03	08	44	04	17	02	08	
6331	2015-05-13	26:01	34:02					03:02	15:03	01:02	04:01	04:02	06:02					26	34	35	49	18	15	04	06	
6332	2015-06-03							03:01	03:01	05:01	05:01	02:01	02:01					01	68	08	18	17		02		
6333	2015-06-20	02:01	02:01					04:01	16:01	01:02	03:01	03:01	05:02					02	02	44	58	04	16	03	01	
6334	2015-07-04	01:01	30:01					03:01	12:01	05:01	05:01	02:01	03:01					01	30	08	51	17	12	02	07	
6335	2015-07-10	02:01	66:02					15:01	15:03	01:02	01:02	06:02	06:02					02	66	07	58	15	15	06	06	
6336	2015-07-23	01:01	26:01					07:01	13:01	01:03	02:01	02:02	06:03					01	26	13	38	07	13	02	06	
6337	2015-07-25	01:01	33:01					01:02	03:01	01:01	05:01	02:01	05:01					01	33	08	65	01	17	02	05	
6338	2015-07-25	02:01	03:01					07:01	11:02	02:01	05:01	02:02	03:01					02	03	27	49	07	11	02	03	
6339	2015-09-10	01:01	02:01					03:01	10:01	01:01	05:01	02:01	05:01													
6340	2015-09-16	03:01	11:01					04:05	08:01	03:01	04:01	03:02	04:02					03	11	39	49	04	08	08	04	
6341	2015-09-17	26:01	29:02					03:01	03:01	05:01	05:01	02:01	02:01					26	29	08		17	52	02		
6342	2015-09-19	02:01	68:01	40	40	03	03	01:01	04:01	01:01	03:01	03:02	05:01	01:03	01:03	04:01	04:01	02	68	60		01	04	08	05	
6343	2015-10-09	30:01	32:01					01:01	07:01	01:01	02:01	02:02	05:01					30	32	64	55	01	07	02	05	
6344	2015-10-12	23:01	68:02					13:02	15:03	01:02	01:02	05:01	06:02													
6345	2015-10-27	02:01	24:02					04:04	15:01	01:02	03:01	03:02	06:03					02	24	60	61	04	15	08	06	
6346	2015-10-28	02:01	68:01					01:01	04:01	01:01	03:01	03:02	05:01					02	68	27	44	01	04	08	05	
6347	2015-11-01	02:01	32:01					01:01	15:01	01:01	01:02	05:01	06:02					02	32	27	61	01	15	05	06	
6348	2015-11-02	32:01	68:02					03:01	13:01	01:03	05:01	02:01	06:03													
6349	2015-11-03	24:02	24:02					07:01	14:02	02:01	05:01	02:02	03:01													
6350	2015-11-06	02:01	26:01					08:01	12:01	04:01	05:01	03:01	04:02					02	26	37	45	08	12	04	07	
6351	2015-11-12	02:01	02:01					04:01	16:02	01:02	03:01	03:01	05:02													
6353	2015-11-19	03:01	11:01					04:01	04:04	03:01	03:01	03:01	03:02					03	11	44		04		07	08	
6354	2015-11-25	31:01	68:03					04:07	14:02	03:01	03:01	03:02	03:02					31	68	39	51	04	14	08		
6355	2015-11-30	01:01	01:01					01:01	01:01	01:01	01:01	05:01	05:01													
6356	2015-12-05	01:01	02:01					07:01	13:02	01:02	02:01	02:02	06:04					01	02	72	58	07	13	02	06	
6357	2015-12-06	02:01	29:02					04:01	07:01	02:01	03:01	02:02	03:01					02	29	44	63	04	07	02	07	
6358	2015-12-11	30:01	33:03					01:02	13:01	01:01	01:03	05:01	06:03					30	33	07	53	01	13	05	06	
6359	2015-12-20	01:01	30:02					13:03	15:03	01:02	05:01	03:09	06:02					01	30	18	53	13	15	06	07	
6360	2015-12-24	31:01	68:01					03:01	04:04	03:01	05:01	02:01	03:02					31	68	08	39	04	17	02	08	
6361	2016-01-13	02:01	03:01					07:01	11:01	02:01	05:01	02:02	03:01													
6362	2016-01-19	03:01	11:01					01:03	03:01	01:01	05:01	02:01	05:01					03	11	18	35	01	03	02	05	
6363	2016-01-22	01:01	02:02					11:01	15:01	01:02	01:02	06:02	06:02					01	02	72	27	11	15	06		
6364	2016-01-24	03:01	26:01					13:01	14:01	01:01	01:03	05:03	06:03					03	26	37	38	13	14	05	06	
6365	2015-01-27	01:01	30:02					04:04	07:01	03:01	03:01	02:02	03:02					01	30	44	58	04	07	02	08	
6366	2016-01-27	02:01	24:02					04:04	14:02	03:01	05:01	03:01	03:02					02	24	27	48	04	14	07	08	
6367	2016-01-31	02:01	29:02			07:01	16:01	04:01	07:01	02:01	03:01	02:02	03:02	01:03	06:01	02:01	11:01	02	29	18	44	04	07	02	08	
6368	2016-02-03	03:01	11:01					01:01	04:04	01:01	03:01	03:02	05:01					03	11	35	60	01	04	05	08	
6369	2016-02-11	02:01	02:01					04:01	04:05	03:01	03:01	03:02	03:02					02		44	62	04		08		
6370	2016-02-17	02:01	02:01					15:01	15:01	01:02	01:02	06:02	06:02													
6371	2016-02-18	01:01	68:02					03:01	13:02	01:02	05:01	02:01	06:04					01	68	08	65	13	17	02	06	
6372	2016-02-19	30:02	30:02					07:01	11:01	01:02	02:01	02:02	06:02					30	30	39	82	07	11	02	06	
6373	2016-03-02	02:01	11:01					01:03	13:01	01:03	05:01	03:01	06:03					02	11	27	61	103	13	06	07	
6374	2016-03-10	01:01	02:01					13:02	13:02	01:02	01:02	06:04	06:04					01	02	60	55	13		06		
6375	2016-03-11	02:01	29:02					04:01	14:01	01:01	03:01	03:02	05:03					02	29	62	45	04	14	08	05	
6376	2016-03-13	01:01	23:01					03:01	11:01	05:01	05:05	02:01	03:01					01	23	08	61	17	11	02	07	
6377	2016-03-21	02:01	80:01					04:01	07:01	02:01	03:01	02:02	03:02					02	80	18	44	04	07	02	08	
6378	2016-03-22	03:01	33:03					08:04	15:03	01:02	05:01	03:01	06:02					03	33	35	48	08	15	06	07	
6379	2016-03-28	02:03	11:01					11:01	15:01	01:02	05:01	03:01	06:01					203	11	13	38	11	15	07	06	
6380	2016-03-29	33:03	68:02					03:01	13:02	01:02	05:01	02:01	06:04					33	68	71	53	17	13	02	06	
6381	2016-04-04	02:02	23:01					01:01	07:01	01:01	03:03	02:02	05:01					02	23	07	78	01	07	02	05	
6382	2016-04-05	11:01	33:05					03:01	11:01	05:01	05:05	02:01	03:01					11	33	65	35	17	11	02	07	
6383	2016-04-11	36:01	68:02					07:01	09:01	02:01	03:03	02:02	02:02					36	68	72	53	07	09	02	03	
6384	2016-04-14	24:02	69:01					11:01	15:01	01:02	05:03	03:01	06:02					24	69	07	55	11	15	06	07	
6385	2016-04-14	01:01	02:01					04:04	07:01	02:01	03:01	02:02	03:02					01	02	60	62	04	07	02	08	
6386	2016-04-19	02:01	03:01					04:04	13:01	01:03	03:01	03:02	06:03					02	03	18	44	04	13	06	08	
6387	2016-04-27	01:01	01:01					01:03	15:01	01:01	01:02	05:01	06:02					01	01	07	35	103	15	05	06	
6388	2016-04-29	02:01	02:01					01:02	04:07	01:01	03:01	03:01	05:01					02		35	65	01	04	05	07	
6389	2016-05-02	02:01	02:01					04:01	15:01	01:02	03:03	03:01	06:02					02		07	44	04	15	07	06	
6390	2016-05-05	30:02	68:02					07:01	11:02	02:01	05:05	02:02	03:19					30	68	52	72	07	11	02	07	
6391	2016-05-13							04:04	11:01	03:01	05:05	03:01	03:02					24	31	07	60	04	11	07	08	
6392	2016-05-11	24:02	30:02					11:04	13:02	01:02	05:05	03:01	06:09					24	30	08	18	11	13	06	07	
6393	2016-05-26	23:01	68:03					04:07	11:01	03:01	05:05	03:02	03:19					23	68	18	35	04	11	07	08	
6394	2016-05-15	03:01	03:01					01:01	15:01	01:01	01:02	05:01	06:02					03	03	07	35	01	15	05	06	
6395	2016-05-27	01:01	02:05					03:01	07:01	02:01	05:01	02:01	02:02					01	02	08	50	07	17	02	02	
6396	2016-05-31	23:01	24:02					03:01	07:01	02:01	05:01	02:01	02:02					23	24	44	49	07	17	02		
6397	2016-08-03	02:01	02:01					13:01	15:01	01:02	01:03	06:02	06:03					02		51	62	13	15			
6398	2016-08-09	11:01	32:01					04:04	07:01	02:01	03:01	02:02	03:02					11	32	51	64	04	07	08	02	
6399	2016-08-15	02:01	03:01					09:01	15:01	01:02	03:02	03:03	06:02													
6400	2016-09-12	26:01	31:01					04:07	13:04	03:01	05:05	03:02	03:19					26	31	08	62	04	13	07	08	
6401	2016-09-16	31:01	33:03	14:02	51:01			07:01	13:01	02:01	01:03	02:02	06:03					31	33	14	51	07	13	02	06	
6402	2016-09-28	02:01	02:01	13:02	57:01			03:01	04:01	05:01	03:01	02:01	03:02													
6403	2016-10-21	24	30	18	35			03:01	04:02	05:01	03:01	02:01	03:02					24	30	18	35	04	17	02	08	
6404	2016-10-22	01:01	01:01	08:01	08:01			03:01	03:01	05:01	05:01	02:01	02:01					01	01	08	08	17	17	02	02	
6405	2016-11-04	30:02	31:01	18:01	40:02			03:01	04:07	05:01	03:01	02:01	03:02					30	31	18	61	04	17	02	08	
6406	2016-11-21	02:01	11:01	44:03	51:08			03:01	07:01	05:01	02:01	02:01	02:02					02	11	44	51	17	07	02	02	
6407	2016-12-10	01:01	02:01	07:02	44:03			13:01	15:01	01:03	01:02	06:03	06:02					01	02	07	44	13	15	06	06	
6408	2016-12-14	01:01	03:01	18:01	58:01			04:50	07:01	03:01	02:01	03:02	02:02													
6409	2016-12-16	11:01	29:01	07:05	18:01			10:01	12:02	01:01	06:01	05:01	03:01					11	29	07	18	10	12	07	05	
6410	2016-12-22	01:01	11:01	15:01	35:02			04:01	11:04	03:01	05:05	03:02	03:01					01	11	35	62	04	11	07	08	
6411	2016-12-26																	23	25	61	44	04	11	07		
6412	2016-12-28	01:01	02:01	57:01	57:01			07:01	07:01	02:01	02:01	03:03	03:03					01	02	57	57	07	07	09	09	
6413	2017-01-03																	01	02	08	51	01	17	02	05	
6414	2017-01-09	01:01	23:01	07:02	08:01	07:01	07:02	03:01	09:01	05:01	03:03	02:01	02:02	01:03	01:04	04:01	15:01	01	23	07	08	17	09	02		
6415	2017-01-25																	23	33	44	53	17	07	02		
6416	2017-02-02																	01	11	07	37	04	15	08	06	
6417	2017-02-15	25:01	31:01	18:01	40:01			15:01	15:01	01:02	01:02	06:02	06:02					25	31	18	60	15				
6418	2017-03-09	02:01	32:01	15:01	51:01			04:01	11:03	03:01	05:05	03:02	03:01					02	32	51	62	04	11	07	08	
6419	2017-03-15	02	23	14	15			03:01	04:01	05:01	03:01	02:01	03:02					02	23	65	62	17	04	02	08	
6420	2017-03-16																	02	03	07	41	01	11	07	05	
6421	2017-04-21	02:01	03:01	15:01	27:05			01:01	01:01	01:01	01:01	05:01	05:01					02	03	27	62	01		05		
6422	2017-04-30	01:01	02:01	15:01	18:01			03:01	04:01	05:01	03:01	02:01	03:02					01	02	62	18	17	04			
6423	2017-05-11 00:45	31:01	68:03	39:05	51:01			01:01	04:07	01:01	03:01	05:01	03:02					31	68	39	51	01	04	08	05	
6424	2017-05-11	30:01	68:01	08:01	35:03			03:01	04:01	05:01	03:01	02:01	03:02					30	68	08	35	17	04	02	08	
6425	2017-05-30																	01	02	08	44	15	17	02	06	
6426	2017-07-05																	01	11	08	60	17	04	02	08	
6427	2017-07-15	29:02	32:01	35:02	57:01			07:01	07:01	02:01	02:01	02:02	02:02					29	32	35	57	07	-	02	-	
6428	2017-08-01	02:06	31:01	15:01	40:02			08:02	16:02	04:01	05:05	04:02	03:01					02	31	62	61	08	16	04	07	
6429	2017-08-12	01:01	02:01	44:02	81:01			01:03	03:01	01:01	05:01	05:01	02:01					01	02	44	81	103	17	02	05	
6430	2017-08-17	01:01	26:01	08:09	38:01			13:02	14:01	01:02	01:01	06:04	05:03					01	26	08	38	13	14	05	06	
6431	2017-09-01	24:02	33:3	39:06	50:01			01:01	08:01	01:01	04:01	05:01	04:02					24	33	39	50	01	08	04	05	
6432	2017-09-25 11:55	03:01	03:01	07:02	15:01			01:01	04:01	01:01	03:01	05:01	03:02					03	03	07	62	01	04	05	08	
6433	2017-11-06	30:02	68:01	08:01	45:01			04:05	12:01	03:01	05:05	03:02	03:01					30	68	08	45	04	12	03	03	
6434	2017-11-10	02:05	33:03	49:01	57:01			01:02	04:02	01:01	03:01	05:01	03:02					02	33	49	57	01	04	08	05	
6435	2017-11-11	02:01	23:01	14:02	81:01			03:01	11:01	05:01	03:03	02:01	02:02					02	23	65	81	17	11	02		
6436	2017-11-23																	24	29	39	45	04	13	08	06	
6437	2017-11-26	01:01	23:01	08:01	18:01			03:01	11:04	05:01	05:01	02:01	03:01					01	23	08	18	11	17			
6438	2017-12-19	02:01	11:01	08:01	45:01			03:01	07:01	05:01	02:01	02:01	02:02					02	11	08	45	07	17	02		
6439	2018-01-09 21:31	02:01	02:01	35:01	35:01			03:02	08:04	04:01	04:01	04:02	03:19					02	02	35	35	08	18	04	07	
6440	2018-01-23	02:01	33:01	14:02	15:01			01:02	13:01	01:01	01:03	05:01	06:03					02	33	65	62	01	13	05	06	
6441	2018-02-01	01:01	01:01	08:01	57:01			03:01	04:04	05:01	03:01	02:01	03:02					01	01	08	57	04	17	02	08	
6442	2018-02-17																	02	03	07	44	13	17	02	06	
6443	2018-02-17	03:01	26:01	07:02	35:01			01:01	04:01	01:01	03:01	05:01	03:01					03	26	07	35	01	04	07	05	
6444	2018-02-25	02:06	24:02	18:01	35:12			08:02	15:01	04:01	01:02	04:02	06:02					02	24	18	35	08	15	04	06	
6445	2018-03-07																	26	30	38	51	11		07		
6446	2018-03-07																									
6447	2018-03-09																	02	26	18	38	11	13	06	07	
6448	2018-03-13																	24	24	49	55	01	14	05	05	
6449	2018-03-19																	01	24	39	57	01	01	05	05	
6450	2018-04-26																	01	33	08	65	17		02		
6451	2018-05-01 14:20																									
6452	2018-05-04 11:06																	03	26	57	65	04	11	07	08	
6453	2018-05-16																	02	33	18	58	07	11	09	06	
6454	2018-05-29																	24	24	07	72	07	07	02	02	
6455	2018-06-15																									
6456	2018-06-18																									
6457	2018-06-19																									
69	2005-01-01	02	26	35	50	04	06	04:01	07:01	03:01	02:01	03:02	02:02													
8003	2005-01-01																									
A6001	2000-01-01																									
HPAP-001	2017-01-25																									
HPAP-002	2017-01-25																									
HPAP-003	2017-01-26																									
HPAP-004	2017-02-07																									
HPAP-005	2017-02-07																									
HPAP-006	2017-10-09																									
HPAP-008	2017-04-25																									
HPAP-009	2017-05-17																									
HPAP-010	2017-05-31																									
HPAP-011	2017-05-27																									
HPAP-012	2017-07-07																									
HPAP-013	2017-08-24																									
HPAP-014	2017-08-29																									
HPAP-015	2017-09-12																									
HPAP-016	2017-09-14																									
HPAP-017	2017-09-17																									
HPAP-018	2017-11-14																									
HPAP-019	2017-12-04																									
HPAP-020	2018-01-23																									
HPAP-021	2018-03-12																									
HPAP-022	2018-03-24																									
HPAP-023	2018-04-11																									
HPAP-024	2018-04-11																									
HPAP-025	2018-05-04																									
HPAP-026	2018-05-15																									
HPAP-027	2018-05-15																									
